{
  "dtoHeader": {
    "userLogin": "AD6010",
    "fonctionnalite": "cf9932",
    "module": "GIB",
    "commande": "getOsById",
    "typeService": "SP",
    "motif": null,
    "messagesInfo": null,
    "messagesErreur": null
  },
  "jsonVO": {
    "id": 3607,
    "numero": 3,
    "confidentiel": false,
    "additif": false,
    "dateDebut": "2017-06-12 20:00:00.0",
    "dateFin": "2017-06-12 20:30:00.0",
    "description": "Description ordre de service",
    "autreTypeService": null,
    "classeService": null,
    "chefEquipe": {
      "commentaire": null,
      "dateEffet": null,
      "dateFin": null,
      "idActeur": "AD6010",
      "nom": "AD6010",
      "numeroPaie": -1,
      "prenom": "AD6010",
      "codeActeur": null,
      "codeFonctionMCV": null,
      "refBureau": null,
      "refFonction": null,
      "refOrganisation": null,
      "refActeurInterne": null,
      "refClasseInspecteur": null,
      "refPosteOrdonnancement": null,
      "refArrondissement": null,
      "refArrondissementOrdonnateur": null,
      "avecCertificat": null,
      "refGrade": null,
      "nomArabe": null,
      "prenomArabe": null,
      "codePin": null,
      "numeroTelephone": null,
      "refGradeLib": ""
    },
    "vehicules": [
      {
        "id": 313,
        "matricule": "25618",
        "commentaire": "Range Rover sport",
        "codeUO": "280",
        "dateEffet": 1405942875000,
        "dateFin": 253388173330000,
        "typeAction": null,
        "descriptionUO": null,
        "ajouterAction": false,
        "modifierAction": false,
        "annule": false,
        "statut": "Valide"
      }
    ],
    "agentsBrigade": [
      {
        "id": 16009,
        "agent": {
          "commentaire": null,
          "dateEffet": null,
          "dateFin": null,
          "idActeur": "AD6002",
          "nom": "AD6002",
          "numeroPaie": -1,
          "prenom": "AD6002",
          "codeActeur": null,
          "codeFonctionMCV": null,
          "refBureau": null,
          "refFonction": null,
          "refOrganisation": null,
          "refActeurInterne": null,
          "refClasseInspecteur": null,
          "refPosteOrdonnancement": null,
          "refArrondissement": null,
          "refArrondissementOrdonnateur": null,
          "avecCertificat": null,
          "refGrade": null,
          "nomArabe": null,
          "prenomArabe": null,
          "codePin": null,
          "numeroTelephone": null,
          "refGradeLib": ""
        },
        "refGrade": null,
        "ordreService": null,
        "agentBrigade": "AD6002 AD6002 (AD6002)"
      },
      {
        "id": 16010,
        "agent": {
          "commentaire": null,
          "dateEffet": null,
          "dateFin": null,
          "idActeur": "AD6003",
          "nom": "AD6003",
          "numeroPaie": -1,
          "prenom": "AD6003",
          "codeActeur": null,
          "codeFonctionMCV": null,
          "refBureau": null,
          "refFonction": null,
          "refOrganisation": null,
          "refActeurInterne": null,
          "refClasseInspecteur": null,
          "refPosteOrdonnancement": null,
          "refArrondissement": null,
          "refArrondissementOrdonnateur": null,
          "avecCertificat": null,
          "refGrade": null,
          "nomArabe": null,
          "prenomArabe": null,
          "codePin": null,
          "numeroTelephone": null,
          "refGradeLib": ""
        },
        "refGrade": null,
        "ordreService": null,
        "agentBrigade": "AD6003 AD6003 (AD6003)"
      }
    ],
    "navigationsMaritimes": [
      {
        "id": 401,
        "typeBateau": "plaisance",
        "nomBateau": "yassine",
        "immatriculation": "111220",
        "couleur": "blanc",
        "longueur": "11",
        "profondeur": "12",
        "tonnage": "11",
        "numDeclaration": "112/112",
        "dateDeclaration": 1614211200000,
        "delivreePar": {
          "idActeur": "JLKK",
          "nom": "JLKK2",
          "numeroPaie": -1,
          "prenom": "222",
          "refGradeLib": ""
        },
        "dateEntree": 1614160800000,
        "motifAccostage": "1212121",
        "portEntree": "12121",
        "portAttache": "nice port",
        "pavillon": "nice pavillon",
        "provenance": {
          "codePays": "FR",
          "commentaire": "فرنسا",
          "dateEffet": "2000-01-01",
          "dateFin": "9999-12-31",
          "nomPays": "FRANCE",
          "prohibe": false,
          "nomPaysAR": "فرنسا",
          "nationalite": "FRANCE",
          "nationaliteAR": "فرنسا"
        },
        "villeProvenance": "nice",
        "destination": {
          "codePays": "DE",
          "dateEffet": "2000-01-01",
          "dateFin": "9999-12-31",
          "nomPays": "ALLEMAGNE",
          "prohibe": false,
          "nomPaysAR": "ألمانيا",
          "nationalite": "ALLEMAGNE",
          "nationaliteAR": "ألمانيا"
        },
        "villeDestination": "berlin",
        "dateDepart": 1614250800000,
        "dateDebutControle": 1614164400000,
        "dateFinControle": 1614168000000,
        "documentsVerifies": "document",
        "observations": "observation",
        "resultatControle": "controle executé",
        "intervenants": [],
        "heureEntree": "10:00",
        "heureDeclaration": "00:00",
        "heureDepart": "11:00",
        "heureDebutControle": "11:00",
        "heureFinControle": "12:00",
        "defaultConverter": {}
      }
    ],
    "typeService": {
      "code": "5.1",
      "libelle": "Contrôle des marchandises",
      "classeService": "R",
      "categorie": {
        "code": "5",
        "libelle": "Surveillance dans un entrepôt"
      }
    },
    "refGradeChefEquipe": null,
    "heureDebut": "20:00",
    "heureFin": "20:30",
    "controleeService": null,
    "os_chefBrigade": false,
    "ronde": false,
    "maritime": true,
    "aerien": false,
    "uniteOrganisationnelle": "DIRECTION REGIONALE DE CASA PORT      (280)",
    "refPJ": "280_2017_9023",
    "journeeDu": "2017-06-12 00:00:00.0",
    "libAdditif": "Non",
    "libChefBrigade": "Non",
    "libRonde": "Non",
    "libMaritime": "Non",
    "libAerien": "Non",
    "libConfidentiel": "Non",
    "defaultConverter": {},
    "idPourRecherche": null,
    "rapportExiste": false
  }
}
