{
  "dtoHeader": {
    "userLogin": "AD6002",
    "fonctionnalite": "cf9932",
    "module": "GIB",
    "commande": "getOrdresService",
    "typeService": "SP",
    "motif": null,
    "messagesInfo": null,
    "messagesErreur": null
  },
  "jsonVO": [
    {
      "id": 3713,
      "numero": 1,
      "confidentiel": false,
      "additif": false,
      "dateDebut": "2017-10-05 08:00:00.0",
      "dateFin": "2017-10-05 15:00:00.0",
      "description": "TES TESTTEST TESTTEST TEST TEST ETS TETETSTSTTSTST TSGSGGHJ SHGHJGHJS SJHKJHKS SKHKSHKJ KLSJKLJS SJLKJKLS JKSKLJSKLJ SJLSJLJSKLS SJKLSJLKSJKLSJLKSJL SJLKMIPOIPIPOI",
      "autreTypeService": null,
      "classeService": null,
      "chefEquipe": {
        "commentaire": null,
        "dateEffet": null,
        "dateFin": null,
        "idActeur": "AD6002",
        "nom": "AD6002",
        "numeroPaie": -1,
        "prenom": "AD6002",
        "codeActeur": null,
        "codeFonctionMCV": null,
        "refBureau": null,
        "refFonction": null,
        "refOrganisation": null,
        "refActeurInterne": null,
        "refClasseInspecteur": null,
        "refPosteOrdonnancement": null,
        "refArrondissement": null,
        "refArrondissementOrdonnateur": null,
        "avecCertificat": null,
        "refGrade": null,
        "nomArabe": null,
        "prenomArabe": null,
        "codePin": null,
        "numeroTelephone": null,
        "refGradeLib": ""
      },
      "vehicules": [
        {
          "id": 169,
          "matricule": "mf48754",
          "commentaire": "libelle",
          "codeUO": "280",
          "dateEffet": 1362658687000,
          "dateFin": 253387561417000,
          "typeAction": null,
          "descriptionUO": null,
          "ajouterAction": false,
          "modifierAction": false,
          "annule": false,
          "statut": "Valide"
        },
        {
          "id": 170,
          "matricule": "mf654632",
          "commentaire": "libelle ancien",
          "codeUO": "280",
          "dateEffet": 1362658857000,
          "dateFin": 253387561417000,
          "typeAction": null,
          "descriptionUO": null,
          "ajouterAction": false,
          "modifierAction": false,
          "annule": false,
          "statut": "Valide"
        },
        {
          "id": 171,
          "matricule": "568977",
          "commentaire": "ddd",
          "codeUO": "280",
          "dateEffet": 1363614761000,
          "dateFin": 253390419055000,
          "typeAction": null,
          "descriptionUO": null,
          "ajouterAction": false,
          "modifierAction": false,
          "annule": false,
          "statut": "Valide"
        }
      ],
      "agentsBrigade": [],
      "typeService": {
        "code": "3.2",
        "libelle": "Ecor",
        "classeService": "R",
        "categorie": {
          "code": "3",
          "libelle": "Surveillance dans les MEAD"
        }
      },
      "refGradeChefEquipe": null,
      "heureDebut": "08:00",
      "heureFin": "15:00",
      "controleeService": null,
      "os_chefBrigade": false,
      "ronde": false,
      "maritime": false,
      "aerien": false,
      "uniteOrganisationnelle": "DIRECTION REGIONALE DE CASA PORT      (280)",
      "refPJ": "280_2017_9031",
      "journeeDu": "2017-10-05 00:00:00.0",
      "libAdditif": "Non",
      "libChefBrigade": "Non",
      "libRonde": "Non",
      "libMaritime": "Non",
      "libAerien": "Non",
      "libConfidentiel": "Non",
      "defaultConverter": {},
      "idPourRecherche": null,
      "rapportExiste": false
    },
    {
      "id": 3653,
      "numero": 1,
      "confidentiel": false,
      "additif": false,
      "dateDebut": "2017-08-23 08:00:00.0",
      "dateFin": "2017-08-23 15:00:00.0",
      "description": "TES TESTTEST TESTTEST TEST TEST ETS TETETSTSTTSTST TSGSGGHJ SHGHJGHJS SJHKJHKS SKHKSHKJ KLSJKLJS SJLKJKLS JKSKLJSKLJ SJLSJLJSKLS SJKLSJLKSJKLSJLKSJL SJLKMIPOIPIPOI",
      "autreTypeService": null,
      "classeService": null,
      "chefEquipe": {
        "commentaire": null,
        "dateEffet": null,
        "dateFin": null,
        "idActeur": "AD6002",
        "nom": "AD6002",
        "numeroPaie": -1,
        "prenom": "AD6002",
        "codeActeur": null,
        "codeFonctionMCV": null,
        "refBureau": null,
        "refFonction": null,
        "refOrganisation": null,
        "refActeurInterne": null,
        "refClasseInspecteur": null,
        "refPosteOrdonnancement": null,
        "refArrondissement": null,
        "refArrondissementOrdonnateur": null,
        "avecCertificat": null,
        "refGrade": null,
        "nomArabe": null,
        "prenomArabe": null,
        "codePin": null,
        "numeroTelephone": null,
        "refGradeLib": ""
      },
      "vehicules": [
        {
          "id": 169,
          "matricule": "mf48754",
          "commentaire": "libelle",
          "codeUO": "280",
          "dateEffet": 1362658687000,
          "dateFin": 253387561417000,
          "typeAction": null,
          "descriptionUO": null,
          "ajouterAction": false,
          "modifierAction": false,
          "annule": false,
          "statut": "Valide"
        },
        {
          "id": 170,
          "matricule": "mf654632",
          "commentaire": "libelle ancien",
          "codeUO": "280",
          "dateEffet": 1362658857000,
          "dateFin": 253387561417000,
          "typeAction": null,
          "descriptionUO": null,
          "ajouterAction": false,
          "modifierAction": false,
          "annule": false,
          "statut": "Valide"
        },
        {
          "id": 171,
          "matricule": "568977",
          "commentaire": "ddd",
          "codeUO": "280",
          "dateEffet": 1363614761000,
          "dateFin": 253390419055000,
          "typeAction": null,
          "descriptionUO": null,
          "ajouterAction": false,
          "modifierAction": false,
          "annule": false,
          "statut": "Valide"
        }
      ],
      "agentsBrigade": [
        {
          "id": 16029,
          "agent": {
            "commentaire": null,
            "dateEffet": null,
            "dateFin": null,
            "idActeur": "AD6003",
            "nom": "AD6003",
            "numeroPaie": -1,
            "prenom": "AD6003",
            "codeActeur": null,
            "codeFonctionMCV": null,
            "refBureau": null,
            "refFonction": null,
            "refOrganisation": null,
            "refActeurInterne": null,
            "refClasseInspecteur": null,
            "refPosteOrdonnancement": null,
            "refArrondissement": null,
            "refArrondissementOrdonnateur": null,
            "avecCertificat": null,
            "refGrade": null,
            "nomArabe": null,
            "prenomArabe": null,
            "codePin": null,
            "numeroTelephone": null,
            "refGradeLib": ""
          },
          "refGrade": null,
          "ordreService": null,
          "agentBrigade": "AD6003 AD6003 (AD6003)"
        },
        {
          "id": 16030,
          "agent": {
            "commentaire": null,
            "dateEffet": null,
            "dateFin": null,
            "idActeur": "AD6004",
            "nom": "AD6004",
            "numeroPaie": -1,
            "prenom": "AD6004",
            "codeActeur": null,
            "codeFonctionMCV": null,
            "refBureau": null,
            "refFonction": null,
            "refOrganisation": null,
            "refActeurInterne": null,
            "refClasseInspecteur": null,
            "refPosteOrdonnancement": null,
            "refArrondissement": null,
            "refArrondissementOrdonnateur": null,
            "avecCertificat": null,
            "refGrade": null,
            "nomArabe": null,
            "prenomArabe": null,
            "codePin": null,
            "numeroTelephone": null,
            "refGradeLib": ""
          },
          "refGrade": null,
          "ordreService": null,
          "agentBrigade": "AD6004 AD6004 (AD6004)"
        },
        {
          "id": 16031,
          "agent": {
            "commentaire": null,
            "dateEffet": null,
            "dateFin": null,
            "idActeur": "AD6005",
            "nom": "AD6005",
            "numeroPaie": -1,
            "prenom": "AD6005",
            "codeActeur": null,
            "codeFonctionMCV": null,
            "refBureau": null,
            "refFonction": null,
            "refOrganisation": null,
            "refActeurInterne": null,
            "refClasseInspecteur": null,
            "refPosteOrdonnancement": null,
            "refArrondissement": null,
            "refArrondissementOrdonnateur": null,
            "avecCertificat": null,
            "refGrade": null,
            "nomArabe": null,
            "prenomArabe": null,
            "codePin": null,
            "numeroTelephone": null,
            "refGradeLib": ""
          },
          "refGrade": null,
          "ordreService": null,
          "agentBrigade": "AD6005 AD6005 (AD6005)"
        }
      ],
      "typeService": {
        "code": "3.2",
        "libelle": "Ecor",
        "classeService": "R",
        "categorie": {
          "code": "3",
          "libelle": "Surveillance dans les MEAD"
        }
      },
      "refGradeChefEquipe": null,
      "heureDebut": "08:00",
      "heureFin": "15:00",
      "controleeService": null,
      "os_chefBrigade": false,
      "ronde": false,
      "maritime": false,
      "aerien": false,
      "uniteOrganisationnelle": "DIRECTION REGIONALE DE CASA PORT      (280)",
      "refPJ": "280_2017_9028",
      "journeeDu": "2017-08-23 00:00:00.0",
      "libAdditif": "Non",
      "libChefBrigade": "Non",
      "libRonde": "Non",
      "libMaritime": "Non",
      "libAerien": "Non",
      "libConfidentiel": "Non",
      "defaultConverter": {},
      "idPourRecherche": null,
      "rapportExiste": true
    }

  ]
}
