{
    "dtoHeader": {
      "userLogin": "YAMAGENT",
      "fonctionnalite": "cf4011",
      "module": "CONTROL_LIB",
      "commande": "initControlerDedACVP",
      "typeService": "UC",
      "motif": null,
      "messagesInfo": [
        "??? ControlerDedValiderVP_MESSAGE_INFO ???"
      ],
      "messagesErreur": null
    },
    "jsonVO": {
      "idControle": "279720",
      "idDed": "141381",
      "decision": "VP",
      "decisionControle": "contencieux",
      "documentAnnexeResultVOs": [
        {
          "identifiant": "143707",
          "decisionMCI": null,
          "actif": true,
          "idDocumentAnnexeDeclarationEnDouane": 143707,
          "documentAnnexe": {
            "libelle": "CERTIFICAT DORIGINE                                                  ",
            "numeroOrdreArticle": 1,
            "impactFiscal": false,
            "demandeConsignation": false,
            "portee": "A",
            "reconnu": true,
            "refTypeDocument": {
              "refOrgansimeEmetteur": {
                "code": "05",
                "dateEffet": 1317427200000,
                "dateFin": 253402214400000,
                "libelle": "AUTORITE COMPETENTE DU PAYS CONCERNE",
                "hibernateLazyInitializer": {}
              },
              "code": "04200",
              "dateEffet": 631152000000,
              "dateFin": 253402214400000,
              "entiteEmettrice": "AUTORITE COMPETENTE DU PAYS CONCERNE",
              "impactFiscal": true,
              "libelle": "CERTIFICAT DORIGINE                                                  ",
              "refTypeDocumentExigible": {
                "code": "DOC",
                "dateEffet": -2209075200000,
                "dateFin": 253402214400000,
                "libelle": "Type par défaut"
              },
              "reglementationParticuliere": false,
              "dematerialise": false,
              "isDocInvest": null
            },
            "identifiant": 143707,
            "numeroVersion": null
          },
          "reconnuDisabled": false,
          "consignationDisabled": false
        },
        {
          "identifiant": "143706",
          "decisionMCI": null,
          "actif": true,
          "idDocumentAnnexeDeclarationEnDouane": 143706,
          "documentAnnexe": {
            "libelle": "CERTIFICAT DORIGINE                                                  ",
            "numeroOrdreArticle": 2,
            "impactFiscal": true,
            "demandeConsignation": false,
            "portee": "A",
            "reconnu": true,
            "refTypeDocument": {
              "refOrgansimeEmetteur": {
                "code": "05",
                "dateEffet": 1317427200000,
                "dateFin": 253402214400000,
                "libelle": "AUTORITE COMPETENTE DU PAYS CONCERNE",
                "hibernateLazyInitializer": {}
              },
              "code": "04200",
              "dateEffet": 631152000000,
              "dateFin": 253402214400000,
              "entiteEmettrice": "AUTORITE COMPETENTE DU PAYS CONCERNE",
              "impactFiscal": true,
              "libelle": "CERTIFICAT DORIGINE                                                  ",
              "refTypeDocumentExigible": {
                "code": "DOC",
                "dateEffet": -2209075200000,
                "dateFin": 253402214400000,
                "libelle": "Type par défaut"
              },
              "reglementationParticuliere": false,
              "dematerialise": false,
              "isDocInvest": null
            },
            "identifiant": 143706,
            "numeroVersion": null
          },
          "reconnuDisabled": false,
          "consignationDisabled": false
        }
      ],
      "annotation": "\nOK",
      "autreAnnotationVOs": [
        {
          "id": "10709104",
          "numeroVersion": "3",
          "dateIntervention": "18/08/2016 09:52",
          "commentaire": "TEST ANNOTATION",
          "acteur": "YAMAGENT",
          "intervention": "Annotation"
        }
      ],
      "suggererVP": "false",
      "historiqueCompte": "\n18/08/2016 12:49:32 / amdaou youssef\n\nRedressements opérés : Aucun Redressement effectué\n\nDécision : \nObservation : \n------------------------------------------------\n18/08/2016 12:39:12 / amdaou youssef\n\nRedressements opérés : Aucun Redressement effectué\n\nDécision : Contrôle Conforme\nObservation : \n------------------------------------------------\n18/08/2016 12:39:12 / amdaou youssef\n\nRedressements opérés : Aucun Redressement effectué\n\nDécision : Contrôle Conforme\nObservation : \n------------------------------------------------",
      "redressement": "\n18/08/2016 12:49:32 / amdaou youssef\n\nRedressements opérés : Aucun Redressement effectué\n\nDécision : \nObservation : \n------------------------------------------------\n18/08/2016 12:39:12 / amdaou youssef\n\nRedressements opérés : Aucun Redressement effectué\n\nDécision : Contrôle Conforme\nObservation : \n------------------------------------------------\n18/08/2016 12:39:12 / amdaou youssef\n\nRedressements opérés : Aucun Redressement effectué\n\nDécision : Contrôle Conforme\nObservation : \n------------------------------------------------"
    }
  }