{
  "dtoHeader": {
    "userLogin": "YAMAGENT",
    "fonctionnalite": "cf4011",
    "module": "DED_LIB",
    "commande": "ded.recupererDocumentsAnnexesDUM",
    "typeService": "SP",
    "motif": null,
    "messagesInfo": null,
    "messagesErreur": null
  },
  "jsonVO": [
    {
      "dontHandleLimitationOperateur": false,
      "versionModifiee": true,
      "tiResponse": null,
      "insideEtude": false,
      "insideRedressement": false,
      "typeDeclarationParam": null,
      "sentMap": null,
      "demandeModification": false,
      "typeDocument": "Facture",
      "portee": "D",
      "identifiant": "436",
      "coche": null,
      "numeroOrdreArticle": "",
      "codeDocumentExigible": "A0001",
      "listeFichiers": [
        {
          "idFichier": "10641",
          "nomFichier": "exemplefacture.pdf",
          "typeFichier": null,
          "urlFichier": null,
          "tailleFichier": null,
          "dateFichier": "2017-09-21 18:20:57.0",
          "formatedDate": "21/09/2017 18:20",
          "numeroTransaction": "3454",
          "signee": "OUI",
          "refDocument": "2222222",
          "idDocument": null,
          "action": null,
          "cochee": null,
          "vctDocumentListForm": [],
          "vctDocumentAnnexesForm": [],
          "traceSignatureVO": [
            {
              "date_signature": "21-09-2017 18.24.39",
              "qualite_signataire": "SOUMISSIONNAIRE",
              "ident_signataire": "L405214",
              "numeroTransaction": "3454"
            },
            {
              "date_signature": "21-09-2017 18.24.41",
              "qualite_signataire": "DECLARANT",
              "ident_signataire": "L405214",
              "numeroTransaction": "3454"
            }
          ],
          "identifiantDUM": null,
          "commentaire": "2222222",
          "islongComm": false,
          "hashXmlDum": null,
          "referenceXmlDum": null,
          "hashXmlSignedDum": null,
          "vdumTransactionVO": null,
          "idVdumTrans": null,
          "mimeType": null,
          "idUser": null,
          "typeUser": null,
          "typeDocument": null,
          "defaultConverter": {},
          "pathFichier": "null/exemplefacture.pdf",
          "contentByte": null,
          "shortCommentaire": "2222222 ...",
          "formatedCommentaire": "2222222"
        }
      ],
      "listeFichiersConsult": [
        {
          "idFichier": "10641",
          "nomFichier": "exemplefacture.pdf",
          "typeFichier": null,
          "urlFichier": null,
          "tailleFichier": null,
          "dateFichier": "2017-09-21 18:20:57.0",
          "formatedDate": "21/09/2017 18:20",
          "numeroTransaction": "3454",
          "signee": "OUI",
          "refDocument": "2222222",
          "idDocument": null,
          "action": null,
          "cochee": null,
          "vctDocumentListForm": [],
          "vctDocumentAnnexesForm": [],
          "traceSignatureVO": [
            {
              "date_signature": "21-09-2017 18.24.39",
              "qualite_signataire": "SOUMISSIONNAIRE",
              "ident_signataire": "L405214",
              "numeroTransaction": "3454"
            },
            {
              "date_signature": "21-09-2017 18.24.41",
              "qualite_signataire": "DECLARANT",
              "ident_signataire": "L405214",
              "numeroTransaction": "3454"
            }
          ],
          "identifiantDUM": null,
          "commentaire": "2222222",
          "islongComm": false,
          "hashXmlDum": null,
          "referenceXmlDum": null,
          "hashXmlSignedDum": null,
          "vdumTransactionVO": null,
          "idVdumTrans": null,
          "mimeType": null,
          "idUser": null,
          "typeUser": null,
          "typeDocument": null,
          "defaultConverter": {},
          "pathFichier": "null/exemplefacture.pdf",
          "contentByte": null,
          "shortCommentaire": "2222222 ...",
          "formatedCommentaire": "2222222"
        }
      ],
      "refTypeDocument": {
        "refOrgansimeEmetteur": null,
        "code": "A0001",
        "dateEffet": 1586520000000,
        "dateFin": 253402214400000,
        "entiteEmettrice": null,
        "impactFiscal": null,
        "libelle": "Facture",
        "refTypeDocumentExigible": {
          "code": "ANX",
          "dateEffet": 1330041600000,
          "dateFin": 253402214400000,
          "libelle": "Annexe"
        },
        "reglementationParticuliere": null,
        "dematerialise": null,
        "isDocInvest": null
      },
      "statutRejete": 0,
      "statutRejeteString": "",
      "motifRejete": null,
      "agentRejet": null,
      "dateRejet": null,
      "action": null,
      "reference": null,
      "commentaire": null,
      "identifiantDUM": null,
      "version": "0",
      "fileURL": null,
      "fileNom": null,
      "defaultConverter": {},
      "regimeExport": false,
      "createParam": false,
      "occasionnelle": false,
      "revaliderEtude": false,
      "transit": false,
      "dumFictiveParam": false,
      "callFromEC": false,
      "transfertOperateurParam": false,
      "banqueConsign": false,
      "banqueSaisie": false,
      "appelCouplageFromUC1": false
    },
    {
      "dontHandleLimitationOperateur": false,
      "versionModifiee": true,
      "tiResponse": null,
      "insideEtude": false,
      "insideRedressement": false,
      "typeDeclarationParam": null,
      "sentMap": null,
      "demandeModification": false,
      "typeDocument": "Licence d'importation",
      "portee": "D",
      "identifiant": "437",
      "coche": null,
      "numeroOrdreArticle": "",
      "codeDocumentExigible": "A0010",
      "listeFichiers": [
        {
          "idFichier": "10645",
          "nomFichier": "exemplefacture.pdf",
          "typeFichier": null,
          "urlFichier": null,
          "tailleFichier": null,
          "dateFichier": "2017-09-21 18:27:21.0",
          "formatedDate": "21/09/2017 18:27",
          "numeroTransaction": "3455",
          "signee": "OUI",
          "refDocument": "2222222",
          "idDocument": null,
          "action": null,
          "cochee": null,
          "vctDocumentListForm": [],
          "vctDocumentAnnexesForm": [],
          "traceSignatureVO": [
            {
              "date_signature": "21-09-2017 18.32.00",
              "qualite_signataire": "SOUMISSIONNAIRE",
              "ident_signataire": "L405214",
              "numeroTransaction": "3455"
            },
            {
              "date_signature": "21-09-2017 18.32.02",
              "qualite_signataire": "DECLARANT",
              "ident_signataire": "L405214",
              "numeroTransaction": "3455"
            }
          ],
          "identifiantDUM": null,
          "commentaire": "22222222",
          "islongComm": false,
          "hashXmlDum": null,
          "referenceXmlDum": null,
          "hashXmlSignedDum": null,
          "vdumTransactionVO": null,
          "idVdumTrans": null,
          "mimeType": null,
          "idUser": null,
          "typeUser": null,
          "typeDocument": null,
          "defaultConverter": {},
          "pathFichier": "null/exemplefacture.pdf",
          "contentByte": null,
          "shortCommentaire": "22222222 ...",
          "formatedCommentaire": "22222222"
        }
      ],
      "listeFichiersConsult": [
        {
          "idFichier": "10645",
          "nomFichier": "exemplefacture.pdf",
          "typeFichier": null,
          "urlFichier": null,
          "tailleFichier": null,
          "dateFichier": "2017-09-21 18:27:21.0",
          "formatedDate": "21/09/2017 18:27",
          "numeroTransaction": "3455",
          "signee": "OUI",
          "refDocument": "2222222",
          "idDocument": null,
          "action": null,
          "cochee": null,
          "vctDocumentListForm": [],
          "vctDocumentAnnexesForm": [],
          "traceSignatureVO": [
            {
              "date_signature": "21-09-2017 18.32.00",
              "qualite_signataire": "SOUMISSIONNAIRE",
              "ident_signataire": "L405214",
              "numeroTransaction": "3455"
            },
            {
              "date_signature": "21-09-2017 18.32.02",
              "qualite_signataire": "DECLARANT",
              "ident_signataire": "L405214",
              "numeroTransaction": "3455"
            }
          ],
          "identifiantDUM": null,
          "commentaire": "22222222",
          "islongComm": false,
          "hashXmlDum": null,
          "referenceXmlDum": null,
          "hashXmlSignedDum": null,
          "vdumTransactionVO": null,
          "idVdumTrans": null,
          "mimeType": null,
          "idUser": null,
          "typeUser": null,
          "typeDocument": null,
          "defaultConverter": {},
          "pathFichier": "null/exemplefacture.pdf",
          "contentByte": null,
          "shortCommentaire": "22222222 ...",
          "formatedCommentaire": "22222222"
        }
      ],
      "refTypeDocument": {
        "refOrgansimeEmetteur": null,
        "code": "A0010",
        "dateEffet": 1586520000000,
        "dateFin": 946598400000,
        "entiteEmettrice": null,
        "impactFiscal": null,
        "libelle": "Licence d'importation",
        "refTypeDocumentExigible": {
          "code": "ANX",
          "dateEffet": 1330041600000,
          "dateFin": 253402214400000,
          "libelle": "Annexe"
        },
        "reglementationParticuliere": null,
        "dematerialise": null,
        "isDocInvest": null
      },
      "statutRejete": 0,
      "statutRejeteString": "",
      "motifRejete": null,
      "agentRejet": null,
      "dateRejet": null,
      "action": null,
      "reference": null,
      "commentaire": null,
      "identifiantDUM": null,
      "version": "1",
      "fileURL": null,
      "fileNom": null,
      "defaultConverter": {},
      "regimeExport": false,
      "createParam": false,
      "occasionnelle": false,
      "revaliderEtude": false,
      "transit": false,
      "dumFictiveParam": false,
      "callFromEC": false,
      "transfertOperateurParam": false,
      "banqueConsign": false,
      "banqueSaisie": false,
      "appelCouplageFromUC1": false
    },
    {
      "dontHandleLimitationOperateur": false,
      "versionModifiee": true,
      "tiResponse": null,
      "insideEtude": false,
      "insideRedressement": false,
      "typeDeclarationParam": null,
      "sentMap": null,
      "demandeModification": false,
      "typeDocument": "Bon à délivrer",
      "portee": "D",
      "identifiant": "438",
      "coche": null,
      "numeroOrdreArticle": "",
      "codeDocumentExigible": "D160413",
      "listeFichiers": [
        {
          "idFichier": "10646",
          "nomFichier": "exemplefacture.pdf",
          "typeFichier": null,
          "urlFichier": null,
          "tailleFichier": null,
          "dateFichier": "2017-09-21 18:27:33.0",
          "formatedDate": "21/09/2017 18:27",
          "numeroTransaction": "3455",
          "signee": "OUI",
          "refDocument": "22222",
          "idDocument": null,
          "action": null,
          "cochee": null,
          "vctDocumentListForm": [],
          "vctDocumentAnnexesForm": [],
          "traceSignatureVO": [
            {
              "date_signature": "21-09-2017 18.32.04",
              "qualite_signataire": "SOUMISSIONNAIRE",
              "ident_signataire": "L405214",
              "numeroTransaction": "3455"
            },
            {
              "date_signature": "21-09-2017 18.32.06",
              "qualite_signataire": "DECLARANT",
              "ident_signataire": "L405214",
              "numeroTransaction": "3455"
            }
          ],
          "identifiantDUM": null,
          "commentaire": "22222",
          "islongComm": false,
          "hashXmlDum": null,
          "referenceXmlDum": null,
          "hashXmlSignedDum": null,
          "vdumTransactionVO": null,
          "idVdumTrans": null,
          "mimeType": null,
          "idUser": null,
          "typeUser": null,
          "typeDocument": null,
          "defaultConverter": {},
          "pathFichier": "null/exemplefacture.pdf",
          "contentByte": null,
          "shortCommentaire": "22222 ...",
          "formatedCommentaire": "22222"
        }
      ],
      "listeFichiersConsult": [
        {
          "idFichier": "10646",
          "nomFichier": "exemplefacture.pdf",
          "typeFichier": null,
          "urlFichier": null,
          "tailleFichier": null,
          "dateFichier": "2017-09-21 18:27:33.0",
          "formatedDate": "21/09/2017 18:27",
          "numeroTransaction": "3455",
          "signee": "OUI",
          "refDocument": "22222",
          "idDocument": null,
          "action": null,
          "cochee": null,
          "vctDocumentListForm": [],
          "vctDocumentAnnexesForm": [],
          "traceSignatureVO": [
            {
              "date_signature": "21-09-2017 18.32.04",
              "qualite_signataire": "SOUMISSIONNAIRE",
              "ident_signataire": "L405214",
              "numeroTransaction": "3455"
            },
            {
              "date_signature": "21-09-2017 18.32.06",
              "qualite_signataire": "DECLARANT",
              "ident_signataire": "L405214",
              "numeroTransaction": "3455"
            }
          ],
          "identifiantDUM": null,
          "commentaire": "22222",
          "islongComm": false,
          "hashXmlDum": null,
          "referenceXmlDum": null,
          "hashXmlSignedDum": null,
          "vdumTransactionVO": null,
          "idVdumTrans": null,
          "mimeType": null,
          "idUser": null,
          "typeUser": null,
          "typeDocument": null,
          "defaultConverter": {},
          "pathFichier": "null/exemplefacture.pdf",
          "contentByte": null,
          "shortCommentaire": "22222 ...",
          "formatedCommentaire": "22222"
        }
      ],
      "refTypeDocument": {
        "refOrgansimeEmetteur": {
          "code": "01",
          "dateEffet": 1317427200000,
          "dateFin": 253402214400000,
          "libelle": "ADMINISTRATION DE LA DEFENSE NATIONALE",
          "hibernateLazyInitializer": {}
        },
        "code": "D160413",
        "dateEffet": 1366070400000,
        "dateFin": 29348006400000,
        "entiteEmettrice": null,
        "impactFiscal": true,
        "libelle": "Bon à délivrer",
        "refTypeDocumentExigible": {
          "code": "ANX",
          "dateEffet": 1330041600000,
          "dateFin": 253402214400000,
          "libelle": "Annexe"
        },
        "reglementationParticuliere": false,
        "dematerialise": false,
        "isDocInvest": null
      },
      "statutRejete": 0,
      "statutRejeteString": "",
      "motifRejete": null,
      "agentRejet": null,
      "dateRejet": null,
      "action": null,
      "reference": null,
      "commentaire": null,
      "identifiantDUM": null,
      "version": "1",
      "fileURL": null,
      "fileNom": null,
      "defaultConverter": {},
      "regimeExport": false,
      "createParam": false,
      "occasionnelle": false,
      "revaliderEtude": false,
      "transit": false,
      "dumFictiveParam": false,
      "callFromEC": false,
      "transfertOperateurParam": false,
      "banqueConsign": false,
      "banqueSaisie": false,
      "appelCouplageFromUC1": false
    }
  ]
}
