{
  "dtoHeader": {
    "userLogin": "YAMAGENT",
    "fonctionnalite": "cf4011",
    "module": "DED_LIB",
    "commande": "ded.recupererDocumentsExigiblesDUM",
    "typeService": "SP",
    "motif": null,
    "messagesInfo": null,
    "messagesErreur": null
  },
  "jsonVO": [
    {
      "dontHandleLimitationOperateur": false,
      "versionModifiee": true,
      "tiResponse": null,
      "insideEtude": false,
      "insideRedressement": false,
      "typeDeclarationParam": null,
      "sentMap": null,
      "demandeModification": false,
      "typeDocument": "CERTIFICAT SANITAIRE VETERINAIRE                                      ",
      "portee": "A",
      "identifiant": "198307",
      "coche": null,
      "numeroOrdreArticle": "1",
      "codeDocumentExigible": "04905",
      "listeFichiers": [
        {
          "idFichier": "10640",
          "nomFichier": "exempleFacture.pdf",
          "typeFichier": null,
          "urlFichier": null,
          "tailleFichier": null,
          "dateFichier": "2017-09-21 18:20:37.0",
          "formatedDate": "21/09/2017 18:20",
          "numeroTransaction": "3454",
          "signee": "OUI",
          "refDocument": "11111111",
          "idDocument": null,
          "action": null,
          "cochee": null,
          "vctDocumentListForm": [],
          "vctDocumentAnnexesForm": [],
          "traceSignatureVO": [
            {
              "date_signature": "21-09-2017 18.24.35",
              "qualite_signataire": "SOUMISSIONNAIRE",
              "ident_signataire": "L405214",
              "numeroTransaction": "3454"
            },
            {
              "date_signature": "21-09-2017 18.24.37",
              "qualite_signataire": "DECLARANT",
              "ident_signataire": "L405214",
              "numeroTransaction": "3454"
            }
          ],
          "identifiantDUM": null,
          "commentaire": null,
          "islongComm": false,
          "hashXmlDum": null,
          "referenceXmlDum": null,
          "hashXmlSignedDum": null,
          "vdumTransactionVO": null,
          "idVdumTrans": null,
          "mimeType": null,
          "idUser": null,
          "typeUser": null,
          "typeDocument": null,
          "defaultConverter": {},
          "pathFichier": "null/exempleFacture.pdf",
          "contentByte": null,
          "shortCommentaire": "",
          "formatedCommentaire": null
        }
      ],
      "listeFichiersConsult": [
        {
          "idFichier": "10640",
          "nomFichier": "exempleFacture.pdf",
          "typeFichier": null,
          "urlFichier": null,
          "tailleFichier": null,
          "dateFichier": "2017-09-21 18:20:37.0",
          "formatedDate": "21/09/2017 18:20",
          "numeroTransaction": "3454",
          "signee": "OUI",
          "refDocument": "11111111",
          "idDocument": null,
          "action": null,
          "cochee": null,
          "vctDocumentListForm": [],
          "vctDocumentAnnexesForm": [],
          "traceSignatureVO": [
            {
              "date_signature": "21-09-2017 18.24.35",
              "qualite_signataire": "SOUMISSIONNAIRE",
              "ident_signataire": "L405214",
              "numeroTransaction": "3454"
            },
            {
              "date_signature": "21-09-2017 18.24.37",
              "qualite_signataire": "DECLARANT",
              "ident_signataire": "L405214",
              "numeroTransaction": "3454"
            }
          ],
          "identifiantDUM": null,
          "commentaire": null,
          "islongComm": false,
          "hashXmlDum": null,
          "referenceXmlDum": null,
          "hashXmlSignedDum": null,
          "vdumTransactionVO": null,
          "idVdumTrans": null,
          "mimeType": null,
          "idUser": null,
          "typeUser": null,
          "typeDocument": null,
          "defaultConverter": {},
          "pathFichier": "null/exempleFacture.pdf",
          "contentByte": null,
          "shortCommentaire": "",
          "formatedCommentaire": null
        }
      ],
      "statutRejete": 1,
      "statutRejeteString": "Rejeté",
      "motifRejete": "rejet ahmed",
      "agentRejet": "YELM",
      "dateRejet": 1506018394000,
      "action": null,
      "reference": "",
      "identifiantDUM": null,
      "fileURL": null,
      "fileNom": null,
      "defaultConverter": {},
      "regimeExport": false,
      "createParam": false,
      "occasionnelle": false,
      "revaliderEtude": false,
      "transit": false,
      "dumFictiveParam": false,
      "callFromEC": false,
      "transfertOperateurParam": false,
      "banqueConsign": false,
      "banqueSaisie": false,
      "appelCouplageFromUC1": false
    },
    {
      "dontHandleLimitationOperateur": false,
      "versionModifiee": true,
      "tiResponse": null,
      "insideEtude": false,
      "insideRedressement": false,
      "typeDeclarationParam": null,
      "sentMap": null,
      "demandeModification": false,
      "typeDocument": "CERTIFICAT SANITAIRE VETERINAIRE                                      ",
      "portee": "A",
      "identifiant": "198316",
      "coche": null,
      "numeroOrdreArticle": "1",
      "codeDocumentExigible": "04905",
      "listeFichiers": [
        {
          "idFichier": "10644",
          "nomFichier": "exempleFacture.pdf",
          "typeFichier": null,
          "urlFichier": null,
          "tailleFichier": null,
          "dateFichier": "2017-09-21 18:27:11.0",
          "formatedDate": "21/09/2017 18:27",
          "numeroTransaction": "3455",
          "signee": "OUI",
          "refDocument": "22222222",
          "idDocument": null,
          "action": null,
          "cochee": null,
          "vctDocumentListForm": [],
          "vctDocumentAnnexesForm": [],
          "traceSignatureVO": [
            {
              "date_signature": "21-09-2017 18.31.56",
              "qualite_signataire": "SOUMISSIONNAIRE",
              "ident_signataire": "L405214",
              "numeroTransaction": "3455"
            },
            {
              "date_signature": "21-09-2017 18.31.58",
              "qualite_signataire": "DECLARANT",
              "ident_signataire": "L405214",
              "numeroTransaction": "3455"
            }
          ],
          "identifiantDUM": null,
          "commentaire": null,
          "islongComm": false,
          "hashXmlDum": null,
          "referenceXmlDum": null,
          "hashXmlSignedDum": null,
          "vdumTransactionVO": null,
          "idVdumTrans": null,
          "mimeType": null,
          "idUser": null,
          "typeUser": null,
          "typeDocument": null,
          "defaultConverter": {},
          "pathFichier": "null/exempleFacture.pdf",
          "contentByte": null,
          "shortCommentaire": "",
          "formatedCommentaire": null
        }
      ],
      "listeFichiersConsult": [
        {
          "idFichier": "10644",
          "nomFichier": "exempleFacture.pdf",
          "typeFichier": null,
          "urlFichier": null,
          "tailleFichier": null,
          "dateFichier": "2017-09-21 18:27:11.0",
          "formatedDate": "21/09/2017 18:27",
          "numeroTransaction": "3455",
          "signee": "OUI",
          "refDocument": "22222222",
          "idDocument": null,
          "action": null,
          "cochee": null,
          "vctDocumentListForm": [],
          "vctDocumentAnnexesForm": [],
          "traceSignatureVO": [
            {
              "date_signature": "21-09-2017 18.31.56",
              "qualite_signataire": "SOUMISSIONNAIRE",
              "ident_signataire": "L405214",
              "numeroTransaction": "3455"
            },
            {
              "date_signature": "21-09-2017 18.31.58",
              "qualite_signataire": "DECLARANT",
              "ident_signataire": "L405214",
              "numeroTransaction": "3455"
            }
          ],
          "identifiantDUM": null,
          "commentaire": null,
          "islongComm": false,
          "hashXmlDum": null,
          "referenceXmlDum": null,
          "hashXmlSignedDum": null,
          "vdumTransactionVO": null,
          "idVdumTrans": null,
          "mimeType": null,
          "idUser": null,
          "typeUser": null,
          "typeDocument": null,
          "defaultConverter": {},
          "pathFichier": "null/exempleFacture.pdf",
          "contentByte": null,
          "shortCommentaire": "",
          "formatedCommentaire": null
        }
      ],
      "statutRejete": 0,
      "statutRejeteString": "",
      "motifRejete": null,
      "agentRejet": null,
      "dateRejet": null,
      "action": null,
      "reference": "",
      "identifiantDUM": null,
      "fileURL": null,
      "fileNom": null,
      "defaultConverter": {},
      "regimeExport": false,
      "createParam": false,
      "occasionnelle": false,
      "revaliderEtude": false,
      "transit": false,
      "dumFictiveParam": false,
      "callFromEC": false,
      "transfertOperateurParam": false,
      "banqueConsign": false,
      "banqueSaisie": false,
      "appelCouplageFromUC1": false
    }
  ]
}
