{
  "dtoHeader": {
    "userLogin": "AD6025",
    "fonctionnalite": "cf1201",
    "module": "ECI_LIB",
    "commande": "enleverMarchandiseParPesage",
    "typeService": "UC",
    "messagesInfo": [
      "Opération effectuée avec succès."
    ]
  },
  "jsonVO": {
    "numeroOrdreVoyage": "",
    "dateHeureDebut": "29/03/2019",
    "dateHeureFin": "",
    "referenceDED": {
      "referenceEnregistrement": "30901020180000041",
      "indentifiant": "179559",
      "defaultConverter": {},
      "regime": "010"
    },
    "refMainlevee": {
      "dateValidation": "",
      "dateImpression": "",
      "refAgentValidation": {
        "refBureau": {
          "defaultConverter": {}
        },
        "defaultConverter": {}
      },
      "refAgentEdition": {
        "refBureau": {
          "defaultConverter": {}
        },
        "defaultConverter": {}
      },
      "defaultConverter": {}
    },
    "refDedServices": {
      "dateEnregistrement": "05/02/2018 15:35",
      "operateurDeclarant": "BABYTEX TEST",
      "valeurDeclaree": "1000.0",
      "poidsBruts": "1000.0",
      "poidsNet": "1000.0",
      "nombreContenants": "0",
      "libelleTypeDED": "DUMINIT",
      "numeroOrdreVoyage": "",
      "defaultConverter": {}
    },
    "nombreScelle": "",
    "refMarchandiseEnlevee": [],
    "bureauSansEcor": false,
    "defaultConverter": {}
  }
}
