{
  "dtoHeader": {
    "userLogin": "TESTAG3",
    "fonctionnalite": "cf1201",
    "module": "ECI_LIB",
    "commande": "enleverMarchandise",
    "typeService": "UC",
    "motif": null,
    "messagesInfo": [
      "Opération effectuée avec succès."
    ],
    "messagesErreur": null
  },
  "jsonVO": {
    "numeroOrdreVoyage": null,
    "dateHeureDebut": "21/11/2017",
    "dateHeureFin": "",
    "referenceDED": {
      "referenceEnregistrement": "30901020170010154",
      "indentifiant": "174993",
      "numeroOrdreVoyage": null,
      "regime": "010",
      "defaultConverter": {}
    },
    "refMainlevee": {
      "dateValidation": "08/11/2017 11:48",
      "dateImpression": "08/11/2017 11:54",
      "refAgentValidation": {
        "idActeur": "TESTAG3",
        "nom": "nom testag3",
        "prenom": "prenom testag3",
        "refBureau": {
          "codeBureau": "309",
          "nomBureauDouane": "Casa port (309)",
          "defaultConverter": {}
        },
        "defaultConverter": {}
      },
      "refAgentEdition": {
        "idActeur": "TESTAG3",
        "nom": "nom testag3",
        "prenom": "prenom testag3",
        "refBureau": {
          "codeBureau": "309",
          "nomBureauDouane": "Casa port (309)",
          "defaultConverter": {}
        },
        "defaultConverter": {}
      },
      "defaultConverter": {}
    },
    "refDedServices": {
      "identifiantDED": null,
      "dateEnregistrement": "05/10/2017 14:09",
      "operateurDeclarant": "METAL ASSISTANCE",
      "valeurDeclaree": "5000.0",
      "poidsBruts": "10.0",
      "poidsNet": "10.0",
      "nombreContenants": "1",
      "libelleTypeDED": "DUM",
      "defaultConverter": {}
    },
    "numeroPince": null,
    "nombreScelle": "",
    "refMarchandiseEnlevee": [
      {
        "referenceLot": "REF1",
        "nombreContenant": "1",
        "immatriculationsVehicules": "matricule",
        "numeroBonSortie": "123",
        "dateHeureEnlevement": "27/11/2017 10:00",
        "dateHeureEffectiveEnlevement": "27/11/2017 12:04",
        "dateHeureAutorisationAcheminement": "",
        "poidsBrutPesage": "",
        "tarePesage": "",
        "pontBaculePesage": null,
        "dateHeurePesage": "",
        "dateHeureConteEcor": "",
        "numeroPorteSortie": null,
        "dateHeureArrivee": "",
        "nature": "marque",
        "marque": "nature",
        "id": "679350",
        "acteurInterneEnlevement": {
          "idActeur": "TESTAG3",
          "nom": "nom testag3",
          "prenom": "prenom testag3",
          "refBureau": {
            "codeBureau": "309",
            "nomBureauDouane": "Casa port (309)",
            "defaultConverter": {}
          },
          "defaultConverter": {}
        },
        "acteurInternePesage": {
          "idActeur": null,
          "nom": null,
          "prenom": null,
          "refBureau": {
            "codeBureau": null,
            "nomBureauDouane": null,
            "defaultConverter": {}
          },
          "defaultConverter": {}
        },
        "acteurInterneContreEcor": {
          "idActeur": null,
          "nom": null,
          "prenom": null,
          "refBureau": {
            "codeBureau": null,
            "nomBureauDouane": null,
            "defaultConverter": {}
          },
          "defaultConverter": {}
        },
        "acteurInterneAutorisationAcheminement": {
          "idActeur": null,
          "nom": null,
          "prenom": null,
          "refBureau": {
            "codeBureau": null,
            "nomBureauDouane": null,
            "defaultConverter": {}
          },
          "defaultConverter": {}
        },
        "acteurInterneArrivee": {
          "idActeur": null,
          "nom": null,
          "prenom": null,
          "refBureau": {
            "codeBureau": null,
            "nomBureauDouane": null,
            "defaultConverter": {}
          },
          "defaultConverter": {}
        },
        "referenceDS": {
          "identifiantDS": "449061",
          "refBureauDouane": {
            "codeBureau": "309",
            "nomBureauDouane": "Casa port (309)",
            "defaultConverter": {}
          },
          "refTypeDS": {
            "codeTypeDS": "01",
            "descriptionTypeDS": "DS",
            "defaultConverter": {}
          },
          "anneeEnregistrement": "2017",
          "regime": "000",
          "numeroSerieEnregistrement": "9992222",
          "cle": "N",
          "defaultConverter": {}
        },
        "lieuChargement": {
          "codeLieuChargement": "MACAS",
          "descriptionLieuChargement": "CASABLANCA",
          "defaultConverter": {}
        },
        "lieuStockage": {
          "codeLieuStockage": "309306",
          "descriptionLieuStockage": "MAGASIN F",
          "refOperateur": {
            "identifiantOperateur": "1",
            "nomOperateur": "OP DOUANE",
            "addresseEDI": null,
            "numeroRC": "0",
            "agrementPSATC": "",
            "refAdresse": {
              "ligneAdresse": "1",
              "adresse": ".",
              "defaultConverter": {}
            },
            "defaultConverter": {}
          },
          "defaultConverter": {}
        },
        "gestionnaireEnceinte": {
          "identifiantOperateur": "10814",
          "nomOperateur": "ODEP",
          "addresseEDI": null,
          "numeroRC": "47",
          "agrementPSATC": "",
          "refAdresse": {
            "ligneAdresse": "13095",
            "adresse": "BD DES ALMOHADES",
            "defaultConverter": {}
          },
          "defaultConverter": {}
        },
        "autreDocument": {
          "referenceLot": null,
          "nombreContenant": null,
          "immatriculationsVehicules": null,
          "numeroBonSortie": null,
          "dateHeureEnlevement": null,
          "dateHeureEffectiveEnlevement": null,
          "dateHeureCloture": null,
          "dateHeureVoyage": null,
          "numeroVoyage": null,
          "numeroOrdeVoyage": null,
          "anneeEnlevement": null,
          "numeroSerieEnlevement": null,
          "cle": null,
          "nature": null,
          "marque": null,
          "acteurInterneEnlevement": {
            "idActeur": null,
            "nom": null,
            "prenom": null,
            "refBureau": {
              "codeBureau": null,
              "nomBureauDouane": null,
              "defaultConverter": {}
            },
            "defaultConverter": {}
          },
          "acteurInterneCloture": {
            "idActeur": null,
            "nom": null,
            "prenom": null,
            "refBureau": {
              "codeBureau": null,
              "nomBureauDouane": null,
              "defaultConverter": {}
            },
            "defaultConverter": {}
          },
          "bureauEnlevement": {
            "codeBureau": null,
            "nomBureauDouane": null,
            "defaultConverter": {}
          },
          "operateurDeclarant": {
            "identifiantOperateur": null,
            "nomOperateur": null,
            "addresseEDI": null,
            "numeroRC": null,
            "agrementPSATC": null,
            "refAdresse": {
              "ligneAdresse": null,
              "adresse": null,
              "defaultConverter": {}
            },
            "defaultConverter": {}
          },
          "referenceDED": {
            "referenceEnregistrement": null,
            "indentifiant": null,
            "numeroOrdreVoyage": null,
            "regime": null,
            "defaultConverter": {}
          },
          "referenceDS": {
            "identifiantDS": null,
            "refBureauDouane": {
              "codeBureau": null,
              "nomBureauDouane": null,
              "defaultConverter": {}
            },
            "refTypeDS": {
              "codeTypeDS": null,
              "descriptionTypeDS": null,
              "defaultConverter": {}
            },
            "anneeEnregistrement": null,
            "regime": null,
            "numeroSerieEnregistrement": null,
            "cle": null,
            "defaultConverter": {}
          },
          "refLieuChargement": {
            "codeLieuChargement": null,
            "descriptionLieuChargement": null,
            "defaultConverter": {}
          },
          "refLieuStockage": {
            "codeLieuStockage": null,
            "descriptionLieuStockage": null,
            "refOperateur": {
              "identifiantOperateur": null,
              "nomOperateur": null,
              "addresseEDI": null,
              "numeroRC": null,
              "agrementPSATC": null,
              "refAdresse": {
                "ligneAdresse": null,
                "adresse": null,
                "defaultConverter": {}
              },
              "defaultConverter": {}
            },
            "defaultConverter": {}
          },
          "gestionnaireEnceinte": {
            "identifiantOperateur": null,
            "nomOperateur": null,
            "addresseEDI": null,
            "numeroRC": null,
            "agrementPSATC": null,
            "refAdresse": {
              "ligneAdresse": null,
              "adresse": null,
              "defaultConverter": {}
            },
            "defaultConverter": {}
          },
          "refTypeDocument": {
            "codeDocument": null,
            "nomDocument": null,
            "defaultConverter": {}
          },
          "refMoyenTransport": {
            "descriptionMoyenTransport": null,
            "codeMoyenTransport": null,
            "refModeTransport": {
              "descriptionModeTransport": null,
              "codeModeTransport": null,
              "defaultConverter": {}
            },
            "commentaire": null,
            "defaultConverter": {}
          },
          "referenceDocument": null,
          "refDedServices": {
            "identifiantDED": null,
            "dateEnregistrement": null,
            "operateurDeclarant": null,
            "valeurDeclaree": null,
            "poidsBruts": null,
            "poidsNet": null,
            "nombreContenants": null,
            "libelleTypeDED": null,
            "defaultConverter": {}
          },
          "dateVoyage": null,
          "heureVoyage": null,
          "dateEffectiveEnlevement": null,
          "heureEffectiveEnlevement": null,
          "defaultConverter": {}
        },
        "refEquipementEnleve": [],
        "poidsNetPesage": null,
        "dateConteEcor": "",
        "heureConteEcor": "",
        "heureEffectiveEnlevement": null,
        "dateEffectiveEnlevement": null,
        "heureArrivee": null,
        "dateArrivee": null,
        "allRefEquipementEnleve": [],
        "defaultConverter": {}
      },
      {
        "referenceLot": "REF1",
        "nombreContenant": "2",
        "immatriculationsVehicules": "matricule",
        "numeroBonSortie": "56",
        "dateHeureEnlevement": "27/11/2017 10:00",
        "dateHeureEffectiveEnlevement": "27/11/2017 12:04",
        "dateHeureAutorisationAcheminement": "",
        "poidsBrutPesage": "",
        "tarePesage": "",
        "pontBaculePesage": null,
        "dateHeurePesage": "",
        "dateHeureConteEcor": "",
        "numeroPorteSortie": null,
        "dateHeureArrivee": "",
        "nature": "marque",
        "marque": "nature",
        "id": "679350",
        "acteurInterneEnlevement": {
          "idActeur": "TESTAG3",
          "nom": "nom testag3",
          "prenom": "prenom testag3",
          "refBureau": {
            "codeBureau": "309",
            "nomBureauDouane": "Casa port (309)",
            "defaultConverter": {}
          },
          "defaultConverter": {}
        },
        "acteurInternePesage": {
          "idActeur": null,
          "nom": null,
          "prenom": null,
          "refBureau": {
            "codeBureau": null,
            "nomBureauDouane": null,
            "defaultConverter": {}
          },
          "defaultConverter": {}
        },
        "acteurInterneContreEcor": {
          "idActeur": null,
          "nom": null,
          "prenom": null,
          "refBureau": {
            "codeBureau": null,
            "nomBureauDouane": null,
            "defaultConverter": {}
          },
          "defaultConverter": {}
        },
        "acteurInterneAutorisationAcheminement": {
          "idActeur": null,
          "nom": null,
          "prenom": null,
          "refBureau": {
            "codeBureau": null,
            "nomBureauDouane": null,
            "defaultConverter": {}
          },
          "defaultConverter": {}
        },
        "acteurInterneArrivee": {
          "idActeur": null,
          "nom": null,
          "prenom": null,
          "refBureau": {
            "codeBureau": null,
            "nomBureauDouane": null,
            "defaultConverter": {}
          },
          "defaultConverter": {}
        },
        "referenceDS": {
          "identifiantDS": "449061",
          "refBureauDouane": {
            "codeBureau": "309",
            "nomBureauDouane": "Casa port (309)",
            "defaultConverter": {}
          },
          "refTypeDS": {
            "codeTypeDS": "01",
            "descriptionTypeDS": "DS",
            "defaultConverter": {}
          },
          "anneeEnregistrement": "2017",
          "regime": "000",
          "numeroSerieEnregistrement": "9992222",
          "cle": "N",
          "defaultConverter": {}
        },
        "lieuChargement": {
          "codeLieuChargement": "MACAS",
          "descriptionLieuChargement": "CASABLANCA",
          "defaultConverter": {}
        },
        "lieuStockage": {
          "codeLieuStockage": "309306",
          "descriptionLieuStockage": "MAGASIN F",
          "refOperateur": {
            "identifiantOperateur": "1",
            "nomOperateur": "OP DOUANE",
            "addresseEDI": null,
            "numeroRC": "0",
            "agrementPSATC": "",
            "refAdresse": {
              "ligneAdresse": "1",
              "adresse": ".",
              "defaultConverter": {}
            },
            "defaultConverter": {}
          },
          "defaultConverter": {}
        },
        "gestionnaireEnceinte": {
          "identifiantOperateur": "10814",
          "nomOperateur": "ODEP",
          "addresseEDI": null,
          "numeroRC": "47",
          "agrementPSATC": "",
          "refAdresse": {
            "ligneAdresse": "13095",
            "adresse": "BD DES ALMOHADES",
            "defaultConverter": {}
          },
          "defaultConverter": {}
        },
        "autreDocument": {
          "referenceLot": null,
          "nombreContenant": null,
          "immatriculationsVehicules": null,
          "numeroBonSortie": null,
          "dateHeureEnlevement": null,
          "dateHeureEffectiveEnlevement": null,
          "dateHeureCloture": null,
          "dateHeureVoyage": null,
          "numeroVoyage": null,
          "numeroOrdeVoyage": null,
          "anneeEnlevement": null,
          "numeroSerieEnlevement": null,
          "cle": null,
          "nature": null,
          "marque": null,
          "acteurInterneEnlevement": {
            "idActeur": null,
            "nom": null,
            "prenom": null,
            "refBureau": {
              "codeBureau": null,
              "nomBureauDouane": null,
              "defaultConverter": {}
            },
            "defaultConverter": {}
          },
          "acteurInterneCloture": {
            "idActeur": null,
            "nom": null,
            "prenom": null,
            "refBureau": {
              "codeBureau": null,
              "nomBureauDouane": null,
              "defaultConverter": {}
            },
            "defaultConverter": {}
          },
          "bureauEnlevement": {
            "codeBureau": null,
            "nomBureauDouane": null,
            "defaultConverter": {}
          },
          "operateurDeclarant": {
            "identifiantOperateur": null,
            "nomOperateur": null,
            "addresseEDI": null,
            "numeroRC": null,
            "agrementPSATC": null,
            "refAdresse": {
              "ligneAdresse": null,
              "adresse": null,
              "defaultConverter": {}
            },
            "defaultConverter": {}
          },
          "referenceDED": {
            "referenceEnregistrement": null,
            "indentifiant": null,
            "numeroOrdreVoyage": null,
            "regime": null,
            "defaultConverter": {}
          },
          "referenceDS": {
            "identifiantDS": null,
            "refBureauDouane": {
              "codeBureau": null,
              "nomBureauDouane": null,
              "defaultConverter": {}
            },
            "refTypeDS": {
              "codeTypeDS": null,
              "descriptionTypeDS": null,
              "defaultConverter": {}
            },
            "anneeEnregistrement": null,
            "regime": null,
            "numeroSerieEnregistrement": null,
            "cle": null,
            "defaultConverter": {}
          },
          "refLieuChargement": {
            "codeLieuChargement": null,
            "descriptionLieuChargement": null,
            "defaultConverter": {}
          },
          "refLieuStockage": {
            "codeLieuStockage": null,
            "descriptionLieuStockage": null,
            "refOperateur": {
              "identifiantOperateur": null,
              "nomOperateur": null,
              "addresseEDI": null,
              "numeroRC": null,
              "agrementPSATC": null,
              "refAdresse": {
                "ligneAdresse": null,
                "adresse": null,
                "defaultConverter": {}
              },
              "defaultConverter": {}
            },
            "defaultConverter": {}
          },
          "gestionnaireEnceinte": {
            "identifiantOperateur": null,
            "nomOperateur": null,
            "addresseEDI": null,
            "numeroRC": null,
            "agrementPSATC": null,
            "refAdresse": {
              "ligneAdresse": null,
              "adresse": null,
              "defaultConverter": {}
            },
            "defaultConverter": {}
          },
          "refTypeDocument": {
            "codeDocument": null,
            "nomDocument": null,
            "defaultConverter": {}
          },
          "refMoyenTransport": {
            "descriptionMoyenTransport": null,
            "codeMoyenTransport": null,
            "refModeTransport": {
              "descriptionModeTransport": null,
              "codeModeTransport": null,
              "defaultConverter": {}
            },
            "commentaire": null,
            "defaultConverter": {}
          },
          "referenceDocument": null,
          "refDedServices": {
            "identifiantDED": null,
            "dateEnregistrement": null,
            "operateurDeclarant": null,
            "valeurDeclaree": null,
            "poidsBruts": null,
            "poidsNet": null,
            "nombreContenants": null,
            "libelleTypeDED": null,
            "defaultConverter": {}
          },
          "dateVoyage": null,
          "heureVoyage": null,
          "dateEffectiveEnlevement": null,
          "heureEffectiveEnlevement": null,
          "defaultConverter": {}
        },
        "refEquipementEnleve": [],
        "poidsNetPesage": null,
        "dateConteEcor": "",
        "heureConteEcor": "",
        "heureEffectiveEnlevement": null,
        "dateEffectiveEnlevement": null,
        "heureArrivee": null,
        "dateArrivee": null,
        "allRefEquipementEnleve": [],
        "defaultConverter": {}
      },
      {
        "referenceLot": "REF1",
        "nombreContenant": "3",
        "immatriculationsVehicules": "matricule",
        "numeroBonSortie": "123",
        "dateHeureEnlevement": "27/11/2017 10:00",
        "dateHeureEffectiveEnlevement": "27/11/2017 12:04",
        "dateHeureAutorisationAcheminement": "",
        "poidsBrutPesage": "",
        "tarePesage": "",
        "pontBaculePesage": null,
        "dateHeurePesage": "",
        "dateHeureConteEcor": "",
        "numeroPorteSortie": null,
        "dateHeureArrivee": "",
        "nature": "marque",
        "marque": "nature",
        "id": "679350",
        "acteurInterneEnlevement": {
          "idActeur": "TESTAG3",
          "nom": "nom testag3",
          "prenom": "prenom testag3",
          "refBureau": {
            "codeBureau": "309",
            "nomBureauDouane": "Casa port (309)",
            "defaultConverter": {}
          },
          "defaultConverter": {}
        },
        "acteurInternePesage": {
          "idActeur": null,
          "nom": null,
          "prenom": null,
          "refBureau": {
            "codeBureau": null,
            "nomBureauDouane": null,
            "defaultConverter": {}
          },
          "defaultConverter": {}
        },
        "acteurInterneContreEcor": {
          "idActeur": null,
          "nom": null,
          "prenom": null,
          "refBureau": {
            "codeBureau": null,
            "nomBureauDouane": null,
            "defaultConverter": {}
          },
          "defaultConverter": {}
        },
        "acteurInterneAutorisationAcheminement": {
          "idActeur": null,
          "nom": null,
          "prenom": null,
          "refBureau": {
            "codeBureau": null,
            "nomBureauDouane": null,
            "defaultConverter": {}
          },
          "defaultConverter": {}
        },
        "acteurInterneArrivee": {
          "idActeur": null,
          "nom": null,
          "prenom": null,
          "refBureau": {
            "codeBureau": null,
            "nomBureauDouane": null,
            "defaultConverter": {}
          },
          "defaultConverter": {}
        },
        "referenceDS": {
          "identifiantDS": "449061",
          "refBureauDouane": {
            "codeBureau": "309",
            "nomBureauDouane": "Casa port (309)",
            "defaultConverter": {}
          },
          "refTypeDS": {
            "codeTypeDS": "01",
            "descriptionTypeDS": "DS",
            "defaultConverter": {}
          },
          "anneeEnregistrement": "2017",
          "regime": "000",
          "numeroSerieEnregistrement": "9992222",
          "cle": "N",
          "defaultConverter": {}
        },
        "lieuChargement": {
          "codeLieuChargement": "MACAS",
          "descriptionLieuChargement": "CASABLANCA",
          "defaultConverter": {}
        },
        "lieuStockage": {
          "codeLieuStockage": "309306",
          "descriptionLieuStockage": "MAGASIN F",
          "refOperateur": {
            "identifiantOperateur": "1",
            "nomOperateur": "OP DOUANE",
            "addresseEDI": null,
            "numeroRC": "0",
            "agrementPSATC": "",
            "refAdresse": {
              "ligneAdresse": "1",
              "adresse": ".",
              "defaultConverter": {}
            },
            "defaultConverter": {}
          },
          "defaultConverter": {}
        },
        "gestionnaireEnceinte": {
          "identifiantOperateur": "10814",
          "nomOperateur": "ODEP",
          "addresseEDI": null,
          "numeroRC": "47",
          "agrementPSATC": "",
          "refAdresse": {
            "ligneAdresse": "13095",
            "adresse": "BD DES ALMOHADES",
            "defaultConverter": {}
          },
          "defaultConverter": {}
        },
        "autreDocument": {
          "referenceLot": null,
          "nombreContenant": null,
          "immatriculationsVehicules": null,
          "numeroBonSortie": null,
          "dateHeureEnlevement": null,
          "dateHeureEffectiveEnlevement": null,
          "dateHeureCloture": null,
          "dateHeureVoyage": null,
          "numeroVoyage": null,
          "numeroOrdeVoyage": null,
          "anneeEnlevement": null,
          "numeroSerieEnlevement": null,
          "cle": null,
          "nature": null,
          "marque": null,
          "acteurInterneEnlevement": {
            "idActeur": null,
            "nom": null,
            "prenom": null,
            "refBureau": {
              "codeBureau": null,
              "nomBureauDouane": null,
              "defaultConverter": {}
            },
            "defaultConverter": {}
          },
          "acteurInterneCloture": {
            "idActeur": null,
            "nom": null,
            "prenom": null,
            "refBureau": {
              "codeBureau": null,
              "nomBureauDouane": null,
              "defaultConverter": {}
            },
            "defaultConverter": {}
          },
          "bureauEnlevement": {
            "codeBureau": null,
            "nomBureauDouane": null,
            "defaultConverter": {}
          },
          "operateurDeclarant": {
            "identifiantOperateur": null,
            "nomOperateur": null,
            "addresseEDI": null,
            "numeroRC": null,
            "agrementPSATC": null,
            "refAdresse": {
              "ligneAdresse": null,
              "adresse": null,
              "defaultConverter": {}
            },
            "defaultConverter": {}
          },
          "referenceDED": {
            "referenceEnregistrement": null,
            "indentifiant": null,
            "numeroOrdreVoyage": null,
            "regime": null,
            "defaultConverter": {}
          },
          "referenceDS": {
            "identifiantDS": null,
            "refBureauDouane": {
              "codeBureau": null,
              "nomBureauDouane": null,
              "defaultConverter": {}
            },
            "refTypeDS": {
              "codeTypeDS": null,
              "descriptionTypeDS": null,
              "defaultConverter": {}
            },
            "anneeEnregistrement": null,
            "regime": null,
            "numeroSerieEnregistrement": null,
            "cle": null,
            "defaultConverter": {}
          },
          "refLieuChargement": {
            "codeLieuChargement": null,
            "descriptionLieuChargement": null,
            "defaultConverter": {}
          },
          "refLieuStockage": {
            "codeLieuStockage": null,
            "descriptionLieuStockage": null,
            "refOperateur": {
              "identifiantOperateur": null,
              "nomOperateur": null,
              "addresseEDI": null,
              "numeroRC": null,
              "agrementPSATC": null,
              "refAdresse": {
                "ligneAdresse": null,
                "adresse": null,
                "defaultConverter": {}
              },
              "defaultConverter": {}
            },
            "defaultConverter": {}
          },
          "gestionnaireEnceinte": {
            "identifiantOperateur": null,
            "nomOperateur": null,
            "addresseEDI": null,
            "numeroRC": null,
            "agrementPSATC": null,
            "refAdresse": {
              "ligneAdresse": null,
              "adresse": null,
              "defaultConverter": {}
            },
            "defaultConverter": {}
          },
          "refTypeDocument": {
            "codeDocument": null,
            "nomDocument": null,
            "defaultConverter": {}
          },
          "refMoyenTransport": {
            "descriptionMoyenTransport": null,
            "codeMoyenTransport": null,
            "refModeTransport": {
              "descriptionModeTransport": null,
              "codeModeTransport": null,
              "defaultConverter": {}
            },
            "commentaire": null,
            "defaultConverter": {}
          },
          "referenceDocument": null,
          "refDedServices": {
            "identifiantDED": null,
            "dateEnregistrement": null,
            "operateurDeclarant": null,
            "valeurDeclaree": null,
            "poidsBruts": null,
            "poidsNet": null,
            "nombreContenants": null,
            "libelleTypeDED": null,
            "defaultConverter": {}
          },
          "dateVoyage": null,
          "heureVoyage": null,
          "dateEffectiveEnlevement": null,
          "heureEffectiveEnlevement": null,
          "defaultConverter": {}
        },
        "refEquipementEnleve": [],
        "poidsNetPesage": null,
        "dateConteEcor": "",
        "heureConteEcor": "",
        "heureEffectiveEnlevement": null,
        "dateEffectiveEnlevement": null,
        "heureArrivee": null,
        "dateArrivee": null,
        "allRefEquipementEnleve": [],
        "defaultConverter": {}
      }
    ],
    "defaultConverter": {}
  }
}
