{
  "dtoHeader": {
    "userLogin": "YASAG",
    "fonctionnalite": "cf1201",
    "module": "ECI",
    "commande": "getEquipementsbyLot",
    "typeService": "SP"
  },
  "jsonVO": [
    {
      "identifiantEquipement": "ABCD1234567",
      "tareEquipement": "5",
      "ligneLotVO": {
        "equipementVoList": [],
        "libelleTypeContenant": "CONTENEUR"
      }
    },
    {
      "identifiantEquipement": "DCBA7654321",
      "tareEquipement": "15",
      "ligneLotVO": {
        "equipementVoList": [],
        "libelleTypeContenant": "CONTENEUR"
      }
    }
  ]
}
