{
  "dtoHeader": {
    "userLogin": "YAMAGENT",
    "fonctionnalite": "cf1201",
    "module": "ECI",
    "commande": "getLotsApures",
    "typeService": "SP"
  },
  "jsonVO": [
    {
      "codeLieuChargement": "MACAS",
      "codeTypeDS": "01",
      "idLigne": "8355561",
      "marques": "marque",
      "lieuChargement": "CASABLANCA",
      "referenceLot": "REF1",
      "natureMarchandise": "nature",
      "typeDS": "DS",
      "nombreColis": 1,
      "referenceDS": "309-000-2017-9992222"
    },
    {
      "codeLieuChargement": "MACAS",
      "codeTypeDS": "01",
      "idLigne": "8355562",
      "marques": "f",
      "lieuChargement": "CASABLANCA",
      "referenceLot": "REF1",
      "natureMarchandise": "f",
      "typeDS": "DS",
      "nombreColis": 1,
      "referenceDS": "309-000-2017-9992222"
    },
    {
      "codeLieuChargement": "MACAS",
      "codeTypeDS": "01",
      "idLigne": "8355563",
      "marques": "l",
      "lieuChargement": "CASABLANCA",
      "referenceLot": "REF1",
      "natureMarchandise": "f",
      "typeDS": "DS",
      "nombreColis": 2,
      "referenceDS": "309-000-2017-9992222"
    },
    {
      "codeLieuChargement": "MACAS",
      "codeTypeDS": "01",
      "idLigne": "8355564",
      "marques": "f",
      "lieuChargement": "CASABLANCA",
      "referenceLot": "REF1",
      "natureMarchandise": "gf",
      "typeDS": "DS",
      "nombreColis": 1,
      "referenceDS": "309-000-2017-9992222"
    }
  ]
}
