{
  "dtoHeader": {
    "userLogin": "AD6203",
    "fonctionnalite": "cf4011",
    "module": "DED_LIB",
    "commande": "ded.ConsulterDum",
    "typeService": "UC",
    "messagesInfo": [],
    "offset": 0,
    "pageSize": 0,
    "rowCount": 0
  },
  "jsonVO": {
    "dontHandleLimitationOperateur": false,
    "versionModifiee": true,
    "insideEtude": false,
    "insideRedressement": false,
    "typeDeclarationParam": "DUM",
    "initiale": false,
    "ssDUM": false,
    "dateDebutComplementaire": "",
    "dateFinComplementaire": "",
    "demandeModification": false,
    "dedReferenceVO": {
      "dontHandleLimitationOperateur": false,
      "versionModifiee": true,
      "insideEtude": false,
      "insideRedressement": false,
      "initiale": false,
      "ssDUM": false,
      "demandeModification": false,
      "cacheKey": "DED_ENG_30902220170002752",
      "codeInitiateur": "AD6025",
      "codeStatus": "004",
      "commentaire": "Motif",
      "dateCreation_VC": "15/03/2019 17:00",
      "dateCreation_VI": "24/11/2017 11:56",
      "dateDepot_VI": "24/11/2017 12:20",
      "dateEnregistrement_VC": "15/03/2019 17:00",
      "dateEnregistrement_VI": "24/11/2017 12:12",
      "enregistree": "true",
      "identifiant": "177528",
      "libelleRegime": "ADMISSION TEMPORAIRE POUR PERFECTIONNEMENT ACTIF (ATPA) AVEC PAIEMENT",
      "libelleSupportDeclaratif": "DUM",
      "modeAquisition": "RS",
      "nomInitiateur": "AD6025",
      "numeroVersion": "7",
      "numeroVersionCourante": "7",
      "refBureauDedouanement": "309",
      "reference": "30902220170002752",
      "referenceProvisoire": "30902220170002857",
      "refRegime": "022",
      "refTypeSupportDeclaratif": "01",
      "status": "Enregistrée, acceptée",
      "statusVersionCourante": "Enregistrée, acceptée",
      "transitaire": "false",
      "type": "Courante",
      "idOperateurEngage": "16688",
      "dateValidite": "24/11/2017 12:12",
      "delaisSupplementaireDumProvisoire": 0,
      "posteOrdonnancement": "Casa Port ordonnancement 1",
      "arrondissementMLVAD": "ARRONDISSEMENT III(309)",
      "regimePrealable": "false",
      "isenregistree": false,
      "defaultConverter": {},
      "callFromEC": false,
      "revaliderEtude": false,
      "dumFictiveParam": false,
      "transfertOperateurParam": false,
      "banqueConsign": false,
      "createParam": false,
      "banqueSaisie": false,
      "transit": false,
      "regimeExport": false,
      "appelCouplageFromUC1": false,
      "occasionnelle": false,
      "regimeTransitImport": false
    },
    "dedSectionDocAnnexesVO": {
      "dontHandleLimitationOperateur": false,
      "versionModifiee": true,
      "insideEtude": false,
      "insideRedressement": false,
      "initiale": false,
      "ssDUM": false,
      "demandeModification": false,
      "dedDocumentAnnexeFormVO": [],
      "listeDocumentExigibleConsult": [],
      "defaultConverter": {},
      "callFromEC": false,
      "revaliderEtude": false,
      "dumFictiveParam": false,
      "transfertOperateurParam": false,
      "banqueConsign": false,
      "createParam": false,
      "banqueSaisie": false,
      "transit": false,
      "regimeExport": false,
      "appelCouplageFromUC1": false,
      "occasionnelle": false,
      "regimeTransitImport": false
    },
    "depuisDsMeadCombine": false,
    "dedDumSectionArticlesVO": {
      "dedDumArticleFormVO": [
        {
          "dedDumProprieteTIVO": [],
          "conteste": "false",
          "aliquider": "null",
          "redevanceAt": "null",
          "designationCommerciale": "Courroies transporteuses",
          "occasion": "true",
          "issuATPA": "false",
          "marquesContenants": "",
          "nombreContenants": "",
          "numeroOrdre": "1",
          "paiement": "true",
          "paysOrigine": "FR",
          "poidsNet": "1000.000",
          "quantite": "1.000",
          "refNgp": "4010310090",
          "typeContenant": "001",
          "typeContenantLibelle": "VRAC",
          "unite": "033",
          "uniteNormalisee": "029",
          "libelleUniteNormalisee": "KG",
          "quantiteNormalisee": "1.000",
          "valeurDeclaree": "100.000",
          "idConvention": "null",
          "uniteLibelle": "U",
          "paysOrigineLibelle": "FRANCE",
          "defaultConverter": {}
        },
        {
          "dedDumProprieteTIVO": [
            {
              "dontHandleLimitationOperateur": false,
              "versionModifiee": true,
              "insideEtude": false,
              "insideRedressement": false,
              "initiale": false,
              "ssDUM": false,
              "demandeModification": false,
              "type": "L",
              "code": "D_SP_TVA",
              "libelle": "Donnée complémentaire pour le calcul de la TVA",
              "numeroArticle": "2",
              "value": "9000",
              "dedDumValeurProprieteTIVO": [
                {
                  "code": "2000",
                  "libelle": " Destinés à l industrie pharmaceutique",
                  "defaultConverter": {}
                },
                {
                  "code": "9000",
                  "libelle": "Autres destinations",
                  "defaultConverter": {}
                }
              ],
              "defaultConverter": {},
              "callFromEC": false,
              "revaliderEtude": false,
              "dumFictiveParam": false,
              "transfertOperateurParam": false,
              "banqueConsign": false,
              "createParam": false,
              "banqueSaisie": false,
              "transit": false,
              "regimeExport": false,
              "appelCouplageFromUC1": false,
              "occasionnelle": false,
              "regimeTransitImport": false
            }
          ],
          "conteste": "false",
          "aliquider": "null",
          "redevanceAt": "null",
          "designationCommerciale": "",
          "occasion": "false",
          "issuATPA": "false",
          "marquesContenants": "AZER1234567;POIU9876543",
          "nombreContenants": "2",
          "numeroOrdre": "2",
          "paiement": "false",
          "paysOrigine": "CN",
          "poidsNet": "1000.000",
          "quantite": "100.000",
          "refNgp": "3002901010",
          "typeContenant": "005",
          "typeContenantLibelle": "CONTENEUR",
          "unite": "029",
          "uniteNormalisee": "029",
          "libelleUniteNormalisee": "KG",
          "quantiteNormalisee": "100.000",
          "valeurDeclaree": "500.000",
          "idConvention": "null",
          "uniteLibelle": "KG",
          "paysOrigineLibelle": "CHINE",
          "defaultConverter": {}
        },
        {
          "dedDumProprieteTIVO": [],
          "conteste": "false",
          "aliquider": "null",
          "redevanceAt": "null",
          "designationCommerciale": "contenant moins de 80% de zinc",
          "occasion": "false",
          "issuATPA": "false",
          "marquesContenants": "test",
          "nombreContenants": "1",
          "numeroOrdre": "3",
          "paiement": "true",
          "paysOrigine": "TR",
          "poidsNet": "400.000",
          "quantite": "400.000",
          "refNgp": "2620600000",
          "typeContenant": "231",
          "typeContenantLibelle": "VALISE",
          "unite": "014",
          "uniteNormalisee": "029",
          "libelleUniteNormalisee": "KG",
          "quantiteNormalisee": "600.000",
          "valeurDeclaree": "400.000",
          "idConvention": "null",
          "uniteLibelle": "KG. N2 (AZOTE)",
          "paysOrigineLibelle": "TURQUIE",
          "defaultConverter": {}
        }
      ],
      "defaultConverter": {}
    },
    "dedDumSectionCautionVO": {
      "adresseComplete": "",
      "adresseDonneurOrdre": "",
      "agence": "9A9",
      "agenceCaution": "",
      "banque": "9A",
      "banqueCaution": "",
      "centreRc": "",
      "codeDonneurOrdre": "",
      "dateAttributionBanque": "17/01/2018",
      "dateAttributionCaution": "",
      "dateEcheance": "",
      "delai": "",
      "ifu": "",
      "mode": "",
      "montantBanque": "12000.000",
      "montantCaution": "",
      "montantConsigantion": "",
      "nom": "",
      "nomDonneurOrdre": "",
      "numDecision": "X2011000008",
      "numeroConsigantion": "",
      "numeroRc": "",
      "plafond": "",
      "plafondEnCours": "12826.0",
      "plafondIllimite": "true",
      "referenceCaution": "",
      "statutEcheance": "false",
      "statutUtilisation": "true",
      "type": "",
      "numero": "",
      "typeCaution": "02",
      "validite": "0",
      "demandeDispenseCaution": "false",
      "banqueConsign": "1",
      "validiteCb": "NON VALIDEE",
      "referenceCBAttribuee": "",
      "statut": "Suspendue",
      "banqueLibelle": "BANQUA AMAL 2",
      "agenceLibelle": "AG",
      "defaultConverter": {}
    },
    "dedDumSectionDemandesVO": {
      "dedDumDemandeFormVO": [
        {
          "dontHandleLimitationOperateur": false,
          "versionModifiee": true,
          "insideEtude": false,
          "insideRedressement": false,
          "initiale": false,
          "ssDUM": false,
          "demandeModification": false,
          "libelleDemande": "Libellé.",
          "typeDemande": "54",
          "indentifiantDb": "5100",
          "defaultConverter": {},
          "parametres": "aa 2",
          "callFromEC": false,
          "revaliderEtude": false,
          "dumFictiveParam": false,
          "transfertOperateurParam": false,
          "banqueConsign": false,
          "createParam": false,
          "banqueSaisie": false,
          "transit": false,
          "regimeExport": false,
          "appelCouplageFromUC1": false,
          "occasionnelle": false,
          "regimeTransitImport": false
        },
        {
          "dontHandleLimitationOperateur": false,
          "versionModifiee": true,
          "insideEtude": false,
          "insideRedressement": false,
          "initiale": false,
          "ssDUM": false,
          "demandeModification": false,
          "libelleDemande": "Autre",
          "typeDemande": "01",
          "indentifiantDb": "5099",
          "defaultConverter": {},
          "parametres": "données parametres",
          "callFromEC": false,
          "revaliderEtude": false,
          "dumFictiveParam": false,
          "transfertOperateurParam": false,
          "banqueConsign": false,
          "createParam": false,
          "banqueSaisie": false,
          "transit": false,
          "regimeExport": false,
          "appelCouplageFromUC1": false,
          "occasionnelle": false,
          "regimeTransitImport": false
        }
      ],
      "defaultConverter": {}
    },
    "dedDumSectionEnteteVO": {
      "dontHandleLimitationOperateur": false,
      "versionModifiee": true,
      "insideEtude": false,
      "insideRedressement": false,
      "initiale": false,
      "ssDUM": false,
      "dateDebutComplementaire": "",
      "dateFinComplementaire": "",
      "demandeModification": false,
      "adresseOperateurDeclarant": "ZONE INDUSTRIELLE MOULAY RACHID LOT N131 CASA",
      "adresseOperateurExpediteurS": "test",
      "anticipee": "false",
      "codeCentreRCDeclarant": "81",
      "codeDeclarant": "16688",
      "codeInitiateur": "AD6025",
      "commentaires": "Motif",
      "dateHeureEffectiveEnregistrement": "",
      "dateVoyage": "03/05/2017",
      "enregistree": "true",
      "identifiant": "177528",
      "justNumeroRCDeclarant": "81",
      "modeAcquisition": "RS",
      "nomCentreRCDeclarant": "CASABLANCA",
      "nomDeclarant": "BABYTEX TEST",
      "nomInitiateur": "AD6025",
      "nomOperateurDeclarant": "BABYTEX TEST",
      "nomOperateurExpediteurS": "test",
      "numeroVersion": "7",
      "paysProvenanceOuDestination": "FR",
      "poidsNetTotal": "2400.000",
      "refBureauDedouanement": "309",
      "referenceEnregistrement": "30902220170002752",
      "referenceProvisoire": "30902220170002857",
      "refEtatResultat": "004",
      "refModeAcquisition": "04",
      "refRegime": "022",
      "refTypeVersionDeclarationEnDouane": "1",
      "statut": "Enregistrée, acceptée",
      "typeVersion": "Courante",
      "valeurTotaleDeclaree": "1000.000",
      "declarationImport": "true",
      "regimeTransbordement": "false",
      "dumSignee": "false",
      "accordDisabled": "false",
      "franchiseDisabled": "false",
      "idOperateurDeclarant": "16688",
      "identifiantOperateurDestinataire": "16688",
      "paysProvenanceOuDestinationLibelle": "FRANCE",
      "listDeclarationFactureVO": [],
      "adresseOperateurDestinataireR": "ZONE INDUSTRIELLE MOULAY RACHID LOT N131 CASA",
      "adresseOperateurDestinataireS": "",
      "codeCentreRCDestinataire": "81",
      "ifuDestinataire": "123",
      "justNumeroCentreRCDestinataire": "81",
      "lieuStockageLocalisation": "1222",
      "montantAssurance": "1.000",
      "montantAutresFrais": "1.000",
      "montantFret": "1.000",
      "nomCentreRCDestinataire": "CASABLANCA",
      "nomOperateurDestinataireR": "BABYTEX TEST",
      "nomOperateurDestinataireS": "",
      "paysDestinationTransbordement": "MA",
      "poidsBrutTotal": "2500.000",
      "moyenTransportRoutier": "",
      "typeDUM": "01",
      "paysDestinationTransbordementLibelle": "MAROC",
      "preIfuDestinataire": "true",
      "combinee": "false",
      "conditionLivraison": "EXW",
      "delai": "540",
      "devise": "EUR",
      "modePaiement": "02",
      "montantTotal": "100.000",
      "faitPartieEc": "false",
      "reponseBanque": "",
      "tauxChange": "12.00000",
      "type": "true",
      "numero": "1668830",
      "adresseOperateurPourLequel": "******",
      "nomOperateurPourLequel": "MINISTERE DE L'AGRICULTURE",
      "numeroRCOperateurPourLequel": "1",
      "codeCentreRCOperateurPourLequel": "1000",
      "nomCentreRCOperateurPourLequel": "PUB :ADMINISTRATIONS PUBLIQUES, OFFICE, INSTITUTS, REGIES, DIRECTIONS.",
      "ifuOperateurPourLequel": "",
      "numVoletTransit": "2",
      "refTransit": "123",
      "typeDocument": "true",
      "dateEtablissementTransit": "20/11/2017",
      "arrondissement": "309201",
      "deviseLibelle": "EURO                ",
      "numRCOperateurDeclarant": "81",
      "codeCentreRCOperateurDeclarant": "81",
      "identifiantOperateurDeclarant": 16688,
      "declarationValeur": {
        "numeroOrdre": 0,
        "structureDestination": false,
        "traite": false,
        "newVal": false,
        "defaultConverter": {}
      },
      "documentPrecedentDejaInitialise": false,
      "documentPrecedentNonValide": false,
      "declarationsTryptique": [],
      "defaultConverter": {},
      "isnumeroSerieForce": "false",
      "callFromEC": false,
      "revaliderEtude": false,
      "dumFictiveParam": false,
      "transfertOperateurParam": false,
      "banqueConsign": false,
      "createParam": false,
      "banqueSaisie": false,
      "transit": false,
      "regimeExport": false,
      "appelCouplageFromUC1": false,
      "occasionnelle": false,
      "regimeTransitImport": false
    },
    "dedDumSectionImputationsVO": {
      "apurementDechets": "false",
      "ligneImputationMetierFormVO": [
        {
          "dechetsTaxables": "false",
          "comptabilisee": "false",
          "statutCtrl": "",
          "bloqueeCompteVerrouille": "false",
          "numeroImputation": "1",
          "tauxDechets": "0.000",
          "quantiteBruteAImputer": "1.000",
          "quantiteNetteAImputer": "1.000",
          "valeurBruteAImputer": "10.000",
          "ngpRefIntrant": "0901110000",
          "numeroOrdreRefIntrant": "1",
          "paysOrigineRefIntrant": "FR",
          "poidsMoyenRefIntrant": "100.000",
          "quantiteInitialeRefIntrant": "100.000",
          "quantiteSoldeRefIntrant": "93.000",
          "quantiteTotaleDemandeeEnDechargeRefIntrant": "7.000",
          "referenceRefIntrant": "30901020160018864",
          "numeroVersionRefIntrant": "0",
          "uniteRefIntrant": "KG",
          "issuATPARefIntrant": "",
          "valeurInitialeRefIntrant": "1000.000",
          "defaultConverter": {}
        },
        {
          "dechetsTaxables": "false",
          "comptabilisee": "false",
          "statutCtrl": "",
          "bloqueeCompteVerrouille": "false",
          "numeroImputation": "2",
          "tauxDechets": "0.000",
          "quantiteBruteAImputer": "1.000",
          "quantiteNetteAImputer": "1.000",
          "valeurBruteAImputer": "1.000",
          "ngpRefLCR": "0101900000",
          "numeroOrdreRefLCR": "1",
          "numeroOrdreVoyageRefLCR": "",
          "paysOrigineRefLCR": "FR",
          "poidsMoyenRefLCR": "10.000",
          "quantiteInitialeRefLCR": "10.000",
          "quantiteSoldeRefLCR": "10.000",
          "quantiteDechetsSoldeRefLCR": "0.000",
          "quantiteTotaleDemandeeEnDechargeRefLCR": "1.000",
          "quantiteTotaleDechetsDemandeeEnDechargeRefLCR": "0.000",
          "referenceRefLCR": "30902220170932543",
          "spoRefLCR": "1",
          "uniteRefLCR": "KG",
          "valeurInitialeRefLCR": "10.000",
          "valeurDechargeeSousFormeDechetsRefLCR": "0.000",
          "quantiteDechargeeSousFormeDechetsRefLCR": "0.000",
          "valeurSoldeRefLCR": "10.000",
          "valeurDechetsSoldeRefLCR": "0.000",
          "issuATPARefLCR": "",
          "defaultConverter": {}
        }
      ],

      "defaultConverter": {}
    },
    "dedDumSectionImpTitresVO": {
      "dedDumImpTitreFormVO": [
        {
          "dontHandleLimitationOperateur": false,
          "versionModifiee": true,
          "insideEtude": false,
          "insideRedressement": false,
          "initiale": false,
          "ssDUM": false,
          "demandeModification": false,
          "agenceBancaire": "0100001",
          "banque": "AA",
          "codeQuantiteImputee": "031",
          "dateEnregistrementTitre": "15/11/2017",
          "devise": "USD",
          "deviseLibelle": "DOLLAR U.S.         ",
          "numeroOrdre": "1",
          "numeroTitreChange": "123658",
          "quantiteImputee": "100.000",
          "typeTitreChange": "DP",
          "valeurImputee": "100.000",
          "banqueLibelle": "BMCE",
          "agenceBancaireLibelle": "AGADIR VILLE",
          "codeQuantiteImputeeLibelle": "BOITE",
          "defaultConverter": {},
          "callFromEC": false,
          "revaliderEtude": false,
          "dumFictiveParam": false,
          "transfertOperateurParam": false,
          "banqueConsign": false,
          "createParam": false,
          "banqueSaisie": false,
          "transit": false,
          "regimeExport": false,
          "appelCouplageFromUC1": false,
          "occasionnelle": false,
          "regimeTransitImport": false
        },
        {
          "dontHandleLimitationOperateur": false,
          "versionModifiee": true,
          "insideEtude": false,
          "insideRedressement": false,
          "initiale": false,
          "ssDUM": false,
          "demandeModification": false,
          "agenceBancaire": "YYY",
          "banque": "1",
          "codeQuantiteImputee": "111",
          "dateEnregistrementTitre": "23/11/2017",
          "devise": "SVC",
          "deviseLibelle": "COLON DU EL SALVADOR",
          "numeroOrdre": "2",
          "numeroTitreChange": "25456",
          "quantiteImputee": "10.000",
          "typeTitreChange": "EC",
          "valeurImputee": "20.000",
          "banqueLibelle": "BMCE",
          "agenceBancaireLibelle": "Agnece Rabat",
          "codeQuantiteImputeeLibelle": "dddddddddddddddddddddddd",
          "defaultConverter": {},
          "callFromEC": false,
          "revaliderEtude": false,
          "dumFictiveParam": false,
          "transfertOperateurParam": false,
          "banqueConsign": false,
          "createParam": false,
          "banqueSaisie": false,
          "transit": false,
          "regimeExport": false,
          "appelCouplageFromUC1": false,
          "occasionnelle": false,
          "regimeTransitImport": false
        }
      ],
      "defaultConverter": {}
    },
    "dedDumSectionImpTitresPortNetVO": {
      "dedDumImpTitrePortNetFormVO": [
        {
          "dontHandleLimitationOperateur": false,
          "versionModifiee": true,
          "insideEtude": false,
          "insideRedressement": false,
          "initiale": false,
          "ssDUM": false,
          "demandeModification": false,
          "agenceBancaire": "7800216",
          "agenceTitre": "Derb Omar (7800216)",
          "banque": "6",
          "banqueTitre": "B.M.C.I",
          "codeQuantiteImputee": "KG",
          "dateEnregistrementTitre": "30/10/2017",
          "dateEcheanceTitre": "01/03/2018",
          "devise": "EUR",
          "numeroOrdre": "2414",
          "numeroTitreChange": "2016100000001084900",
          "quantiteImputee": "66.000",
          "typeTitreChange": "EI",
          "valeurImputee": "350.000",
          "numeroTitre": "",
          "marchandiseCode": "1499",
          "paysOrigine": "FR",
          "codeNGPPaysPortNet": "4010310090, FR",
          "soldeMontantTitre": "131884.991",
          "soldePoidsNetTitre": "2333.992",
          "identifiantTitre": "655",
          "montantTotalTitre": "135000.0",
          "incotermTitre": "Coût, assurance et fret ... (port de destination convenu)",
          "poidsNetTitre": "5000.0",
          "defaultConverter": {},
          "callFromEC": false,
          "revaliderEtude": false,
          "dumFictiveParam": false,
          "transfertOperateurParam": false,
          "banqueConsign": false,
          "createParam": false,
          "banqueSaisie": false,
          "transit": false,
          "regimeExport": false,
          "appelCouplageFromUC1": false,
          "occasionnelle": false,
          "regimeTransitImport": false
        },
        {
          "dontHandleLimitationOperateur": false,
          "versionModifiee": true,
          "insideEtude": false,
          "insideRedressement": false,
          "initiale": false,
          "ssDUM": false,
          "demandeModification": false,
          "agenceBancaire": "7800216",
          "agenceTitre": "Derb Omar (7800216)",
          "banque": "6",
          "banqueTitre": "B.M.C.I",
          "codeQuantiteImputee": "KG",
          "dateEnregistrementTitre": "30/10/2017",
          "dateEcheanceTitre": "01/03/2018",
          "devise": "EUR",
          "numeroOrdre": "2415",
          "numeroTitreChange": "2016100000001084900",
          "quantiteImputee": "25.000",
          "typeTitreChange": "EI",
          "valeurImputee": "50.000",
          "numeroTitre": "",
          "marchandiseCode": "1477",
          "paysOrigine": "TR",
          "codeNGPPaysPortNet": "2620600000, TR",
          "soldeMontantTitre": "131884.991",
          "soldePoidsNetTitre": "5249.999",
          "identifiantTitre": "655",
          "montantTotalTitre": "135000.0",
          "incotermTitre": "Coût, assurance et fret ... (port de destination convenu)",
          "poidsNetTitre": "5276.0",
          "defaultConverter": {},
          "callFromEC": false,
          "revaliderEtude": false,
          "dumFictiveParam": false,
          "transfertOperateurParam": false,
          "banqueConsign": false,
          "createParam": false,
          "banqueSaisie": false,
          "transit": false,
          "regimeExport": false,
          "appelCouplageFromUC1": false,
          "occasionnelle": false,
          "regimeTransitImport": false
        }
      ],
      "defaultConverter": {}
    },
    "dedDumSectionPreapVO": {
      "dedDumPreapFormVO": [
        {
          "dontHandleLimitationOperateur": false,
          "versionModifiee": true,
          "insideEtude": false,
          "insideRedressement": false,
          "initiale": false,
          "ssDUM": false,
          "demandeModification": false,
          "dateArrivee": "22/02/2017",
          "lieuChargement": "FRMAR",
          "modeTransport": "MARITIME",
          "moyenTransport": "CLIPPER TRINIDAD",
          "nombreContenant": "2",
          "numeroOrdre": "2",
          "poidsLot": "5",
          "preapAnnee": "2017",
          "preapBureau": "309",
          "preapRegime": "0",
          "preapSerie": "2",
          "referenceLot": "CNTDEP01",
          "typeDS": "05",
          "typeDSLib": " Depotage",
          "descLieuChargement": "MARSEILLE FOS",
          "idLot": 0,
          "defaultConverter": {},
          "callFromEC": false,
          "revaliderEtude": false,
          "dumFictiveParam": false,
          "transfertOperateurParam": false,
          "banqueConsign": false,
          "createParam": false,
          "banqueSaisie": false,
          "transit": false,
          "regimeExport": false,
          "appelCouplageFromUC1": false,
          "occasionnelle": false,
          "regimeTransitImport": false
        },
        {
          "dontHandleLimitationOperateur": false,
          "versionModifiee": true,
          "insideEtude": false,
          "insideRedressement": false,
          "initiale": false,
          "ssDUM": false,
          "demandeModification": false,
          "dateArrivee": "03/05/2017",
          "lieuChargement": "ESCAS",
          "modeTransport": "MARITIME",
          "moyenTransport": "CASABLANCA EXPRESS",
          "nombreContenant": "1",
          "numeroOrdre": "3",
          "poidsLot": "1000",
          "preapAnnee": "2017",
          "preapBureau": "309",
          "preapRegime": "0",
          "preapSerie": "57",
          "referenceLot": "REF1",
          "typeDS": "01",
          "typeDSLib": " DS ",
          "descLieuChargement": "CASTILLON",
          "idLot": 0,
          "defaultConverter": {},
          "callFromEC": false,
          "revaliderEtude": false,
          "dumFictiveParam": false,
          "transfertOperateurParam": false,
          "banqueConsign": false,
          "createParam": false,
          "banqueSaisie": false,
          "transit": false,
          "regimeExport": false,
          "appelCouplageFromUC1": false,
          "occasionnelle": false,
          "regimeTransitImport": false
        }
      ],
      "defaultConverter": {}
    },
    "dedDumSectionProprietesTINecessaireVO": {
      "dedDumProprieteTIVO": [
        {
          "dontHandleLimitationOperateur": false,
          "versionModifiee": true,
          "insideEtude": false,
          "insideRedressement": false,
          "initiale": false,
          "ssDUM": false,
          "demandeModification": false,
          "type": "L",
          "code": "D_SP_TVA",
          "libelle": "Donnée complémentaire pour le calcul de la TVA",
          "numeroArticle": "2",
          "dedDumValeurProprieteTIVO": [
            {
              "code": "2000",
              "libelle": " Destinés à l industrie pharmaceutique",
              "defaultConverter": {}
            },
            {
              "code": "9000",
              "libelle": "Autres destinations",
              "defaultConverter": {}
            }
          ],
          "defaultConverter": {},
          "callFromEC": false,
          "revaliderEtude": false,
          "dumFictiveParam": false,
          "transfertOperateurParam": false,
          "banqueConsign": false,
          "createParam": false,
          "banqueSaisie": false,
          "transit": false,
          "regimeExport": false,
          "appelCouplageFromUC1": false,
          "occasionnelle": false,
          "regimeTransitImport": false
        }
      ],
      "defaultConverter": {}
    },
    "dedSectionMoyenTransportVO": {
      "listDeclarationMoyenTransportVO": [],
      "defaultConverter": {}
    },
    "listePTIVO": [],
    "defaultConverter": {},
    "eligibleMLD": false,
    "sousDum": false,
    "callFromEC": false,
    "revaliderEtude": false,
    "dumFictiveParam": false,
    "transfertOperateurParam": false,
    "banqueConsign": false,
    "createParam": false,
    "banqueSaisie": false,
    "transit": false,
    "regimeExport": false,
    "appelCouplageFromUC1": false,
    "occasionnelle": false,
    "regimeTransitImport": false
  }
}
