{
  "dtoHeader": {
    "userLogin": "YAMAGENT",
    "fonctionnalite": "cf4011",
    "module": "DED_LIB",
    "commande": "ded.",
    "typeService": "UC"
  },
  "jsonVO": {
    "dontHandleLimitationOperateur": false,
    "versionModifiee": true,
    "insideEtude": false,
    "insideRedressement": false,
    "typeDeclarationParam": "DUM",
    "demandeModification": false,
    "dedReferenceVO": {
      "dontHandleLimitationOperateur": false,
      "versionModifiee": true,
      "insideEtude": false,
      "insideRedressement": false,
      "demandeModification": false,
      "cacheKey": "DED_ENG_30902220170002708",
      "codeInitiateur": "TESTAG14",
      "codeStatus": "004",
      "commentaire": "ok",
      "dateCreation_VC": "15/11/2017 10:49",
      "dateCreation_VI": "21/09/2017 18:04",
      "dateEnregistrement_VC": "15/11/2017 10:49",
      "dateEnregistrement_VI": "21/09/2017 18:04",
      "enregistree": "true",
      "identifiant": "173294",
      "libelleRegime": "ADMISSION TEMPORAIRE POUR PERFECTIONNEMENT ACTIF (ATPA) AVEC PAIEMENT",
      "libelleSupportDeclaratif": "DUM",
      "modeAquisition": "Interactif",
      "nomInitiateur": "nom testag14",
      "numeroVersion": "3",
      "numeroVersionCourante": "3",
      "refBureauDedouanement": "309",
      "reference": "30902220170002708",
      "referenceProvisoire": "30902220170002793",
      "refRegime": "022",
      "refTypeSupportDeclaratif": "01",
      "status": "Enregistrée, acceptée",
      "statusVersionCourante": "Enregistrée, acceptée",
      "transitaire": "false",
      "type": "Courante",
      "idOperateurEngage": "16688",
      "dateValidite": "21/09/2017 18:04",
      "posteOrdonnancement": "",
      "arrondissementMLVAD": "",
      "isenregistree": false,
      "defaultConverter": {},
      "callFromEC": false,
      "revaliderEtude": false,
      "dumFictiveParam": false,
      "transfertOperateurParam": false,
      "banqueConsign": false,
      "createParam": false,
      "banqueSaisie": false,
      "transit": false,
      "regimeExport": false,
      "appelCouplageFromUC1": false,
      "occasionnelle": false
    },
    "dedSectionDocAnnexesVO": {
      "dontHandleLimitationOperateur": false,
      "versionModifiee": true,
      "insideEtude": false,
      "insideRedressement": false,
      "demandeModification": false,
      "dedDocumentAnnexeFormVO": [
        {
          "dontHandleLimitationOperateur": false,
          "versionModifiee": true,
          "insideEtude": false,
          "insideRedressement": false,
          "demandeModification": false,
          "typeDocument": "CERTIFICAT SANITAIRE VETERINAIRE                                      ",
          "portee": "A",
          "identifiant": "205321",
          "numeroOrdreArticle": "1",
          "codeDocumentExigible": "04905",
          "listeFichiers": [],
          "listeFichiersConsult": [],
          "statutRejete": 0,
          "statutRejeteString": "",
          "reference": "",
          "defaultConverter": {},
          "callFromEC": false,
          "revaliderEtude": false,
          "dumFictiveParam": false,
          "transfertOperateurParam": false,
          "banqueConsign": false,
          "createParam": false,
          "banqueSaisie": false,
          "transit": false,
          "regimeExport": false,
          "appelCouplageFromUC1": false,
          "occasionnelle": false
        }
      ],
      "listeDocumentExigibleConsult": [],
      "defaultConverter": {},
      "callFromEC": false,
      "revaliderEtude": false,
      "dumFictiveParam": false,
      "transfertOperateurParam": false,
      "banqueConsign": false,
      "createParam": false,
      "banqueSaisie": false,
      "transit": false,
      "regimeExport": false,
      "appelCouplageFromUC1": false,
      "occasionnelle": false
    },
    "dedDumSectionArticlesVO": {
      "dedDumArticleFormVO": [
        {
          "dedDumProprieteTIVO": [],
          "conteste": "false",
          "aliquider": "null",
          "redevanceAt": "null",
          "designationCommerciale": "xxx",
          "occasion": "false",
          "issuATPA": "false",
          "marquesContenants": "ddd",
          "nombreContenants": "1",
          "numeroOrdre": "1",
          "paiement": "false",
          "paysOrigine": "FR",
          "poidsNet": "10.000",
          "quantite": "10.000",
          "refNgp": "0101900000",
          "typeContenant": "421",
          "unite": "029",
          "uniteNormalisee": "033",
          "libelleUniteNormalisee": "U",
          "quantiteNormalisee": "10.000",
          "valeurDeclaree": "10.000",
          "idConvention": "null",
          "defaultConverter": {}
        }
      ],
      "defaultConverter": {}
    },
    "dedDumSectionCautionVO": {
      "adresseComplete": "",
      "adresseDonneurOrdre": "",
      "agence": "ABI",
      "agenceCaution": "",
      "banque": "BI",
      "banqueCaution": "",
      "centreRc": "",
      "codeDonneurOrdre": "",
      "dateAttributionBanque": "",
      "dateAttributionCaution": "",
      "dateEcheance": "",
      "delai": "",
      "ifu": "",
      "mode": "",
      "montantBanque": "",
      "montantCaution": "",
      "montantConsigantion": "",
      "nom": "",
      "nomDonneurOrdre": "",
      "numDecision": "",
      "numeroConsigantion": "",
      "numeroRc": "",
      "plafond": "",
      "plafondEnCours": "",
      "plafondIllimite": "",
      "referenceCaution": "",
      "statutEcheance": "",
      "statutUtilisation": "",
      "type": "",
      "numero": "",
      "typeCaution": "01",
      "validite": "",
      "demandeDispenseCaution": "false",
      "banqueConsign": "1",
      "validiteCb": "",
      "referenceCBAttribuee": "",
      "defaultConverter": {}
    },
    "dedDumSectionDemandesVO": {
      "dedDumDemandeFormVO": [],
      "defaultConverter": {}
    },
    "dedDumSectionEnteteVO": {
      "dontHandleLimitationOperateur": false,
      "versionModifiee": true,
      "insideEtude": false,
      "insideRedressement": false,
      "demandeModification": false,
      "adresseOperateurExpediteurS": "xx",
      "anticipee": "true",
      "codeDeclarant": "16688",
      "codeInitiateur": "TESTAG14",
      "commentaires": "ok",
      "dateHeureEffectiveEnregistrement": "",
      "dateVoyage": "08/09/2015",
      "enregistree": "true",
      "identifiant": "173294",
      "modeAcquisition": "Interactif",
      "nomDeclarant": "BABYTEX TEST",
      "nomInitisateur": "nom testag14",
      "nomOperateurExpediteurS": "xx",
      "numeroVersion": "3",
      "paysOrigine": "FR",
      "paysProvenanceOuDestination": "FR",
      "poidsNetTotal": "10.000",
      "refBureauDedouanement": "309",
      "referenceEnregistrement": "30902220170002708",
      "referenceProvisoire": "30902220170002793",
      "refEtatResultat": "004",
      "refModeAcquisition": "01",
      "refRegime": "022",
      "refTypeVersionDeclarationEnDouane": "1",
      "statut": "Enregistrée, acceptée",
      "typeVersion": "Courante",
      "valeurTotaleDeclaree": "10.000",
      "declarationImport": "true",
      "paysOrigineLibelle": "FRANCE",
      "paysProvenanceOuDestinationLibelle": "FRANCE",
      "adresseOperateurDestinataireR": "ZONE INDUSTRIELLE MOULAY RACHID LOT N131 CASA",
      "adresseOperateurDestinataireS": "",
      "codeCentreRCDestinataire": "81",
      "ifuDestinataire":null,
      "justNumeroCentreRCDestinataire": "31609",
      "lieuStockageLocalisation": "309302",
      "montantAssurance": "10.000",
      "montantAutresFrais": "10.000",
      "montantFret": "10.000",
      "nomCentreRCDestinataire": "CASABLANCA",
      "nomOperateurDestinataireR": "BABYTEX TEST",
      "nomOperateurDestinataireS": "",
      "paysDestinationTransbordement": "MA",
      "poidsBrutTotal": "10.000",
      "moyenTransportRoutier": "",
      "typeDUM": "01",
      "paysDestinationTransbordementLibelle": "MAROC",
      "combinee": "true",
      "conditionLivraison": "EXW",
      "devise": "EUR",
      "modePaiement": "01",
      "montantTotal": "1000.000",
      "faitPartieEc": "false",
      "reponseBanque": "",
      "tauxChange": "12.00000",
      "adresseOperateurPourLequel": "ZONE INDUSTRIELLE MOULAY RACHID LOT N131 CASA",
      "nomOperateurPourLequel": "BABYTEX TEST",
      "numeroRCOperateurPourLequel": "31609",
      "codeCentreRCOperateurPourLequel": "81",
      "nomCentreRCOperateurPourLequel": "CASABLANCA",
      "ifuOperateurPourLequel": "123",
      "typeDocument": "",
      "dateEtablissementTransit": "",
      "arrondissement": "",
      "deviseLibelle": "EURO                ",
      "defaultConverter": {},
      "isnumeroSerieForce": "false",
      "callFromEC": false,
      "revaliderEtude": false,
      "dumFictiveParam": false,
      "transfertOperateurParam": false,
      "banqueConsign": false,
      "createParam": false,
      "banqueSaisie": false,
      "transit": false,
      "regimeExport": false,
      "appelCouplageFromUC1": false,
      "occasionnelle": false
    },
    "dedDumSectionImputationsVO": {
      "apurementDechets": "false",
      "ligneImputationMetierFormVO": [
        {
          "dechetsTaxables": "false",
          "comptabilisee": "false",
          "statutCtrl": "",
          "bloqueeCompteVerrouille": "false",
          "numeroImputation": "1",
          "tauxDechets": "0.000",
          "quantiteBruteAImputer": "1.000",
          "quantiteNetteAImputer": "1.000",
          "valeurBruteAImputer": "10.000",
          "ngpRefIntrant": "0901110000",
          "numeroOrdreRefIntrant": "1",
          "paysOrigineRefIntrant": "FR",
          "poidsMoyenRefIntrant": "100.000",
          "quantiteInitialeRefIntrant": "100.000",
          "quantiteSoldeRefIntrant": "93.000",
          "quantiteTotaleDemandeeEnDechargeRefIntrant": "7.000",
          "referenceRefIntrant": "30901020160018864",
          "numeroVersionRefIntrant": "0",
          "uniteRefIntrant": "KG",
          "issuATPARefIntrant": "",
          "defaultConverter": {}
        },
        {
          "dechetsTaxables": "false",
          "comptabilisee": "false",
          "statutCtrl": "",
          "bloqueeCompteVerrouille": "false",
          "numeroImputation": "2",
          "tauxDechets": "0.000",
          "quantiteBruteAImputer": "1.000",
          "quantiteNetteAImputer": "1.000",
          "valeurBruteAImputer": "1.000",
          "ngpRefLCR": "0101900000",
          "numeroOrdreRefLCR": "1",
          "numeroOrdreVoyageRefLCR": "",
          "paysOrigineRefLCR": "FR",
          "poidsMoyenRefLCR": "10.000",
          "quantiteInitialeRefLCR": "10.000",
          "quantiteSoldeRefLCR": "10.000",
          "quantiteDechetsSoldeRefLCR": "0.000",
          "quantiteTotaleDemandeeEnDechargeRefLCR": "1.000",
          "quantiteTotaleDechetsDemandeeEnDechargeRefLCR": "0.000",
          "referenceRefLCR": "30902220170932543",
          "spoRefLCR": "1",
          "uniteRefLCR": "KG",
          "valeurInitialeRefLCR": "10.000",
          "valeurDechargeeSousFormeDechetsRefLCR": "0.000",
          "quantiteDechargeeSousFormeDechetsRefLCR": "0.000",
          "valeurSoldeRefLCR": "10.000",
          "valeurDechetsSoldeRefLCR": "0.000",
          "issuATPARefLCR": "",
          "defaultConverter": {}
        }
      ],
      "defaultConverter": {}
    },
    "dedDumSectionImpTitresVO": {
      "dedDumImpTitreFormVO": [
        {
          "dontHandleLimitationOperateur": false,
          "versionModifiee": true,
          "insideEtude": false,
          "insideRedressement": false,
          "demandeModification": false,
          "agenceBancaire": "0100001",
          "banque": "AA",
          "codeQuantiteImputee": "031",
          "dateEnregistrementTitre": "15/11/2017",
          "devise": "USD",
          "numeroOrdre": "1",
          "numeroTitreChange": "123658",
          "quantiteImputee": "100.000",
          "typeTitreChange": "DP",
          "valeurImputee": "100.000",
          "defaultConverter": {},
          "callFromEC": false,
          "revaliderEtude": false,
          "dumFictiveParam": false,
          "transfertOperateurParam": false,
          "banqueConsign": false,
          "createParam": false,
          "banqueSaisie": false,
          "transit": false,
          "regimeExport": false,
          "appelCouplageFromUC1": false,
          "occasionnelle": false
        },
        {
          "dontHandleLimitationOperateur": false,
          "versionModifiee": true,
          "insideEtude": false,
          "insideRedressement": false,
          "demandeModification": false,
          "agenceBancaire": "YYY",
          "banque": "1",
          "codeQuantiteImputee": "039",
          "dateEnregistrementTitre": "23/11/2017",
          "devise": "SVC",
          "numeroOrdre": "2",
          "numeroTitreChange": "25456",
          "quantiteImputee": "10.000",
          "typeTitreChange": "EC",
          "valeurImputee": "20.000",
          "defaultConverter": {},
          "callFromEC": false,
          "revaliderEtude": false,
          "dumFictiveParam": false,
          "transfertOperateurParam": false,
          "banqueConsign": false,
          "createParam": false,
          "banqueSaisie": false,
          "transit": false,
          "regimeExport": false,
          "appelCouplageFromUC1": false,
          "occasionnelle": false
        }
      ],
      "defaultConverter": {}
    },
    "dedDumSectionImpTitresPortNetVO": {
      "dedDumImpTitrePortNetFormVO": [
        {
          "dontHandleLimitationOperateur": false,
          "versionModifiee": true,
          "insideEtude": false,
          "insideRedressement": false,
          "demandeModification": false,
          "agenceBancaire": "7800216",
          "agenceTitre": "Derb Omar (7800216)",
          "banque": "6",
          "banqueTitre": "B.M.C.I",
          "codeQuantiteImputee": "KG",
          "dateEnregistrementTitre": "30/10/2017",
          "dateEcheanceTitre": "22/03/2018",
          "devise": "EUR",
          "numeroOrdre": "1572",
          "numeroTitreChange": "2016100000001084900",
          "quantiteImputee": "1000.000",
          "typeTitreChange": "EI",
          "valeurImputee": "200.000",
          "numeroTitre": "",
          "marchandiseCode": "1499",
          "paysOrigine": "FR",
          "codeNGPPaysPortNet": "4010310090, FR",
          "soldeMontantTitre": "134749.991",
          "soldePoidsNetTitre": "3999.992",
          "montantTotalTitre": "135000.0",
          "incotermTitre": "Coût, assurance et fret ... (port de destination convenu)",
          "poidsNetTitre": "5000.0",
          "defaultConverter": {},
          "callFromEC": false,
          "revaliderEtude": false,
          "dumFictiveParam": false,
          "transfertOperateurParam": false,
          "banqueConsign": false,
          "createParam": false,
          "banqueSaisie": false,
          "transit": false,
          "regimeExport": false,
          "appelCouplageFromUC1": false,
          "occasionnelle": false
        },
        {
          "dontHandleLimitationOperateur": false,
          "versionModifiee": true,
          "insideEtude": false,
          "insideRedressement": false,
          "demandeModification": false,
          "agenceBancaire": "7800216",
          "agenceTitre": "Derb Omar (7800216)",
          "banque": "6",
          "banqueTitre": "B.M.C.I",
          "codeQuantiteImputee": "KG",
          "dateEnregistrementTitre": "30/10/2017",
          "dateEcheanceTitre": "27/03/2018",
          "devise": "EUR",
          "numeroOrdre": "1573",
          "numeroTitreChange": "2016100000001084900",
          "quantiteImputee": "25.000",
          "typeTitreChange": "EI",
          "valeurImputee": "50.000",
          "numeroTitre": "",
          "marchandiseCode": "1477",
          "paysOrigine": "TR",
          "codeNGPPaysPortNet": "2620600000, TR",
          "soldeMontantTitre": "134749.991",
          "soldePoidsNetTitre": "5249.999",
          "montantTotalTitre": "135000.0",
          "incotermTitre": "Coût, assurance et fret ... (port de destination convenu)",
          "poidsNetTitre": "5276.0",
          "defaultConverter": {},
          "callFromEC": false,
          "revaliderEtude": false,
          "dumFictiveParam": false,
          "transfertOperateurParam": false,
          "banqueConsign": false,
          "createParam": false,
          "banqueSaisie": false,
          "transit": false,
          "regimeExport": false,
          "appelCouplageFromUC1": false,
          "occasionnelle": false
        }
      ],
      "defaultConverter": {}
    },
    "dedDumSectionPreapVO": {
      "dedDumPreapFormVO": [],
      "defaultConverter": {}
    },
    "dedDumSectionProprietesTINecessaireVO": {
      "defaultConverter": {}
    },
    "defaultConverter": {},
    "eligibleMLD": false,
    "sousDum": false,
    "callFromEC": false,
    "revaliderEtude": false,
    "dumFictiveParam": false,
    "transfertOperateurParam": false,
    "banqueConsign": false,
    "createParam": false,
    "banqueSaisie": false,
    "transit": false,
    "regimeExport": false,
    "appelCouplageFromUC1": false,
    "occasionnelle": false
  }
}
