{
    "dtoHeader": {
        "userLogin": "YELM",
        "fonctionnalite": "cf90008",
        "module": "DED_LIB",
        "commande": "ded.initRechercheDeclarationTryp",
        "typeService": "UC",
        "messagesInfo": [
            "??? InitRechercherDeclarationTryp_MESSAGE_INFO ???"
        ],
        "offset": 0,
        "pageSize": 0,
        "rowCount": 0
    },
    "jsonVO": {
        "trypRechercheSectionsVO": {
            "preapurementDsApureSection": false,
            "preapurementDsSection": false,
            "etatChargementApureSection": true,
            "etatChargementSection": true,
            "historique": [
                {
                    "identifiant": 2333,
                    "codeActeur": "AAM",
                    "numeroVersion": "0",
                    "dateHeureIntervention": "01/10/2019 15:59",
                    "intervention": "Création",
                    "refEtatResultat": "Créée Provisoire"
                }
            ]
        },
        "trypRecherchePreapSectionVO": {},
        "trypRecherchePreapApuresSectionVO": {},
        "declarationTriptique": {
            "codeInitiateur": "AAM",
            "refOperateurDeclarant": "OP DECLARANT T12",
            "refOperateurSoumissionaire": "OP DECLARANT T12",
            "rcDéclarant": "1111444 /81",
            "codeOperateurSoumissionaire": "35291",
            "rcSoumission": "1111444 /81",
            "nomTransporteur": "OP DECLARANT T12",
            "statut": "001",
            "indentifiant": 1213,
            "anticipee": false,
            "enregistree": true,
            "numeroVersionCourante": 0,
            "dateCreation": 1569941980882,
            "refBureauDedouanement": "Casa port (309)",
            "refRegime": "D20",
            "refVersionsDeclarationEnDouane": [
                {
                    "indentifiant": 1333,
                    "lignesEtatChargement": [
                        {
                            "refetatchargement": 53068
                        }
                    ],
                    "lignesLotDs": [],
                    "lignesEtatChargementApures": [],
                    "lignesLotDsApures": [],
                    "etatVersion": "001",
                    "etatVersionForm": "Créée Provisoire",
                    "numeroVersion": 0,
                    "typeVersion": "Courante",
                    "natureMarchandise": "ddd",
                    "dateEnregistrement": "01/10/2019 15:59:40",
                    "dateSignature": "",
                    "dateDebutAutorisationMa": "",
                    "dateFinAutorisationMa": "",
                    "idConducteur": "411",
                    "idVehicule": "463",
                    "datePassage": "",
                    "agentPassage": "",
                    "idNatureVehicule": "02",
                    "avide": false,
                    "sansManifest": false,
                    "conducteurTryptiquePremiereSignature": false,
                    "conducteurTryptiqueSecondairePremiereSignature": false,
                    "conducteurTryptiqueTroisiemePremiereSignature": false,
                    "lignesDed": [],
                    "lignesDedApures": []
                }
            ],
            "referenceEnregistrement": "30990020190000048",
            "sortiePort": {
                "defaultConverter": {}
            },
            "sortieExisteDeja": false,
            "vuEmbarque": {
                "defaultConverter": {}
            },
            "vuEmbarqueExisteDeja": false,
            "decApurementSigneExist": false,
            "decApurementExist": false,
            "defaultConverter": {},
            "codeOperateurDeclarant": "35291"
        },
        "enteteTrypVO": {
            "avide": false,
            "sansManifest": false,
            "showDeclarTry": false,
            "natureMarchandise": "ddd",
            "refBureauDedouanement": "309",
            "refRegime": "900",
            "libelleRegime": "D20",
            "annee": "2019",
            "serie": "0000048",
            "codeInitiateur": "AAM",
            "nomInitiateur": "AHMED - AMMARI",
            "transitaire": "false",
            "codeDeclarant": "35291",
            "nomDeclarant": "OP DECLARANT T12",
            "numeroRC": "1111444 /81",
            "codeTransporteur": "35291",
            "numeroRCTransporteur": "1111444 /81",
            "nomTransporteur": "OP DECLARANT T12",
            "dateDebutAutorisationMa": "",
            "dateFinAutorisationMa": "",
            "idConducteur": "411",
            "idVehicule": "463",
            "idNatureVehicule": "02",
            "dateCreation_VC": "01/10/2019 15:59:40",
            "dateCreation_VI": "",
            "dateDepot_VC": "",
            "dateDepot_VI": "",
            "status": "Créée Provisoire",
            "numeroVersion": "0",
            "type": "Courante",
            "dateCreaTryp": "01/10/2019 15:59:40",
            "libelleSectionDeclarant": "Transporteur"
        },
        "listDedDumPreapVOs": [],
        "listDeclarationEnDouaneVO": [],
        "listDeclarationEnDouaneApuresVO": [],
        "listEtatChargementVO": [
            {
                "referenceEnregistrement": "30900120190000010",
                "annee": "2019",
                "bureau": "309",
                "regime": "001",
                "serie": "0000010",
                "formatedDateenregistrement": "",
                "etatChargement": {
                    "dateHeureEnregistrement": "07/05/2019 10:52:24:709",
                    "dateHeureVoyage": "31/05/2019 15:15:00:000",
                    "bureauSortie": "Casa port (309)[309]",
                    "navire": "NAVICON",
                    "dateHeureCreation": 1557226344654,
                    "refetatchargement": 53068
                },
                "defaultConverter": {}
            }
        ],
        "listEtatChargementApuresVO": [],
        "vctVehiculeSecondaires": [],
        "vctVehicules": [
            {
                "code": "541",
                "libelle": "AZERT741852",
                "actif": false,
                "showDropDown": false,
                "disableAutoComplete": true,
                "onFocus": "",
                "disabled": false
            },
            {
                "code": "722",
                "libelle": "MAT112233",
                "actif": false,
                "showDropDown": false,
                "disableAutoComplete": true,
                "onFocus": "",
                "disabled": false
            },
            {
                "code": "465",
                "libelle": "MAT12345467",
                "actif": false,
                "showDropDown": false,
                "disableAutoComplete": true,
                "onFocus": "",
                "disabled": false
            },
            {
                "code": "562",
                "libelle": "MAT123456",
                "actif": false,
                "showDropDown": false,
                "disableAutoComplete": true,
                "onFocus": "",
                "disabled": false
            },
            {
                "code": "463",
                "libelle": "MAT123456",
                "actif": false,
                "showDropDown": false,
                "disableAutoComplete": true,
                "onFocus": "",
                "disabled": false
            },
            {
                "code": "642",
                "libelle": "MAT123457",
                "actif": false,
                "showDropDown": false,
                "disableAutoComplete": true,
                "onFocus": "",
                "disabled": false
            },
            {
                "code": "682",
                "libelle": "MAT123654",
                "actif": false,
                "showDropDown": false,
                "disableAutoComplete": true,
                "onFocus": "",
                "disabled": false
            },
            {
                "code": "662",
                "libelle": "MAT963852",
                "actif": false,
                "showDropDown": false,
                "disableAutoComplete": true,
                "onFocus": "",
                "disabled": false
            },
            {
                "code": "622",
                "libelle": "MAT968574",
                "actif": false,
                "showDropDown": false,
                "disableAutoComplete": true,
                "onFocus": "",
                "disabled": false
            },
            {
                "code": "582",
                "libelle": "MAT987654321",
                "actif": false,
                "showDropDown": false,
                "disableAutoComplete": true,
                "onFocus": "",
                "disabled": false
            },
            {
                "code": "762",
                "libelle": "MAT9998888777",
                "actif": false,
                "showDropDown": false,
                "disableAutoComplete": true,
                "onFocus": "",
                "disabled": false
            },
            {
                "code": "116",
                "libelle": "123",
                "actif": false,
                "showDropDown": false,
                "disableAutoComplete": true,
                "onFocus": "",
                "disabled": false
            },
            {
                "code": "561",
                "libelle": "123456",
                "actif": false,
                "showDropDown": false,
                "disableAutoComplete": true,
                "onFocus": "",
                "disabled": false
            },
            {
                "code": "264",
                "libelle": "1234566",
                "actif": false,
                "showDropDown": false,
                "disableAutoComplete": true,
                "onFocus": "",
                "disabled": false
            },
            {
                "code": "462",
                "libelle": "665665",
                "actif": false,
                "showDropDown": false,
                "disableAutoComplete": true,
                "onFocus": "",
                "disabled": false
            }
        ],
        "vctConducteurs": [
            {
                "code": "534",
                "libelle": "A B",
                "actif": false,
                "showDropDown": false,
                "disableAutoComplete": true,
                "onFocus": "",
                "disabled": false
            },
            {
                "code": "311",
                "libelle": "ALAMI ALI",
                "actif": false,
                "showDropDown": false,
                "disableAutoComplete": true,
                "onFocus": "",
                "disabled": false
            },
            {
                "code": "873",
                "libelle": "C S",
                "actif": false,
                "showDropDown": false,
                "disableAutoComplete": true,
                "onFocus": "",
                "disabled": false
            },
            {
                "code": "872",
                "libelle": "CHADLI SAMIRA",
                "actif": false,
                "showDropDown": false,
                "disableAutoComplete": true,
                "onFocus": "",
                "disabled": false
            },
            {
                "code": "211",
                "libelle": "CONDUCTEUR ZDAIK CONDUCTEUR AMAL",
                "actif": false,
                "showDropDown": false,
                "disableAutoComplete": true,
                "onFocus": "",
                "disabled": false
            },
            {
                "code": "203",
                "libelle": "CONDUCTEURNOM CONDUCTEURPRENOM",
                "actif": false,
                "showDropDown": false,
                "disableAutoComplete": true,
                "onFocus": "",
                "disabled": false
            },
            {
                "code": "911",
                "libelle": "C1 C1",
                "actif": false,
                "showDropDown": false,
                "disableAutoComplete": true,
                "onFocus": "",
                "disabled": false
            },
            {
                "code": "932",
                "libelle": "C2 C2",
                "actif": false,
                "showDropDown": false,
                "disableAutoComplete": true,
                "onFocus": "",
                "disabled": false
            },
            {
                "code": "931",
                "libelle": "C2 C2",
                "actif": false,
                "showDropDown": false,
                "disableAutoComplete": true,
                "onFocus": "",
                "disabled": false
            },
            {
                "code": "891",
                "libelle": "NC1 PC1",
                "actif": false,
                "showDropDown": false,
                "disableAutoComplete": true,
                "onFocus": "",
                "disabled": false
            },
            {
                "code": "892",
                "libelle": "NC2 PC2",
                "actif": false,
                "showDropDown": false,
                "disableAutoComplete": true,
                "onFocus": "",
                "disabled": false
            },
            {
                "code": "593",
                "libelle": "NOM PRENOM",
                "actif": false,
                "showDropDown": false,
                "disableAutoComplete": true,
                "onFocus": "",
                "disabled": false
            },
            {
                "code": "411",
                "libelle": "NOM PRENOM",
                "actif": false,
                "showDropDown": false,
                "disableAutoComplete": true,
                "onFocus": "",
                "disabled": false
            },
            {
                "code": "433",
                "libelle": "NOM PRENOM",
                "actif": false,
                "showDropDown": false,
                "disableAutoComplete": true,
                "onFocus": "",
                "disabled": false
            },
            {
                "code": "753",
                "libelle": "NOM PRENOM",
                "actif": false,
                "showDropDown": false,
                "disableAutoComplete": true,
                "onFocus": "",
                "disabled": false
            },
            {
                "code": "751",
                "libelle": "NOM PRENOM",
                "actif": false,
                "showDropDown": false,
                "disableAutoComplete": true,
                "onFocus": "",
                "disabled": false
            },
            {
                "code": "752",
                "libelle": "NOM PRENOM",
                "actif": false,
                "showDropDown": false,
                "disableAutoComplete": true,
                "onFocus": "",
                "disabled": false
            },
            {
                "code": "535",
                "libelle": "NOM PRENOM",
                "actif": false,
                "showDropDown": false,
                "disableAutoComplete": true,
                "onFocus": "",
                "disabled": false
            },
            {
                "code": "871",
                "libelle": "NOM PRENOM",
                "actif": false,
                "showDropDown": false,
                "disableAutoComplete": true,
                "onFocus": "",
                "disabled": false
            },
            {
                "code": "214",
                "libelle": "NOM CONDUCTEUR ZDAIK PRENOM CONDUCTEUR AMAL",
                "actif": false,
                "showDropDown": false,
                "disableAutoComplete": true,
                "onFocus": "",
                "disabled": false
            },
            {
                "code": "952",
                "libelle": "NOM 55 PRÉNOM 55",
                "actif": false,
                "showDropDown": false,
                "disableAutoComplete": true,
                "onFocus": "",
                "disabled": false
            },
            {
                "code": "432",
                "libelle": "NOML PRENOLM",
                "actif": false,
                "showDropDown": false,
                "disableAutoComplete": true,
                "onFocus": "",
                "disabled": false
            },
            {
                "code": "434",
                "libelle": "NOM1 PRENOM1",
                "actif": false,
                "showDropDown": false,
                "disableAutoComplete": true,
                "onFocus": "",
                "disabled": false
            },
            {
                "code": "595",
                "libelle": "NOM1 PRENOM1",
                "actif": false,
                "showDropDown": false,
                "disableAutoComplete": true,
                "onFocus": "",
                "disabled": false
            },
            {
                "code": "594",
                "libelle": "NOM1 PRENOM1",
                "actif": false,
                "showDropDown": false,
                "disableAutoComplete": true,
                "onFocus": "",
                "disabled": false
            },
            {
                "code": "536",
                "libelle": "NOM1 PRENOM1",
                "actif": false,
                "showDropDown": false,
                "disableAutoComplete": true,
                "onFocus": "",
                "disabled": false
            },
            {
                "code": "596",
                "libelle": "NOM2 PRENOM2",
                "actif": false,
                "showDropDown": false,
                "disableAutoComplete": true,
                "onFocus": "",
                "disabled": false
            },
            {
                "code": "631",
                "libelle": "NOM3 PRENOM3",
                "actif": false,
                "showDropDown": false,
                "disableAutoComplete": true,
                "onFocus": "",
                "disabled": false
            },
            {
                "code": "792",
                "libelle": "NOUVEAU NOM NOUVEAU PRENOM",
                "actif": false,
                "showDropDown": false,
                "disableAutoComplete": true,
                "onFocus": "",
                "disabled": false
            },
            {
                "code": "791",
                "libelle": "NOUVEAU NOM NOUVEAU PRENOM",
                "actif": false,
                "showDropDown": false,
                "disableAutoComplete": true,
                "onFocus": "",
                "disabled": false
            }
        ],
        "vctNaturesVehicule": [
            {
                "code": "01",
                "libelle": "TRACTEUR",
                "actif": false,
                "showDropDown": false,
                "disableAutoComplete": true,
                "onFocus": "",
                "disabled": false
            },
            {
                "code": "02",
                "libelle": "REMORQUE",
                "actif": false,
                "showDropDown": false,
                "disableAutoComplete": true,
                "onFocus": "",
                "disabled": false
            },
            {
                "code": "03",
                "libelle": "CAMION",
                "actif": false,
                "showDropDown": false,
                "disableAutoComplete": true,
                "onFocus": "",
                "disabled": false
            },
            {
                "code": "04",
                "libelle": "SEMI REMORQUE",
                "actif": false,
                "showDropDown": false,
                "disableAutoComplete": true,
                "onFocus": "",
                "disabled": false
            },
            {
                "code": "06",
                "libelle": " FOURGON",
                "actif": false,
                "showDropDown": false,
                "disableAutoComplete": true,
                "onFocus": "",
                "disabled": false
            }
        ],
        "datePassage": "",
        "agentPassage": ""
    }
}