{
    "dtoHeader": {
        "userLogin": "AD6202",
        "fonctionnalite": "cf90023",
        "module": "DED_LIB",
        "commande": "ded.sortiPortRechercheDeclarationTrypByRef",
        "typeService": "UC",
        "messagesInfo": [
            "??? InitSortiePortDeclarationTriptyque_MESSAGE_INFO ???"
        ],
        "offset": 0,
        "pageSize": 0,
        "rowCount": 0
    },
    "jsonVO": {
        "trypRechercheSectionsVO": {
            "preapurementDsApureSection": false,
            "preapurementDsSection": false,
            "etatChargementApureSection": true,
            "etatChargementSection": true,
            "historique": [
                {
                    "identifiant": 2292,
                    "codeActeur": "A421948",
                    "numeroVersion": "0",
                    "dateHeureIntervention": "26/09/2019 14:30",
                    "intervention": "Création",
                    "refEtatResultat": "Créée Provisoire"
                },
                {
                    "identifiant": 2293,
                    "codeActeur": "A421948",
                    "numeroVersion": "0",
                    "commentaireIntervention": " Transaction BADR numéro 1296",
                    "dateHeureIntervention": "26/09/2019 14:30",
                    "intervention": "Création transaction signature",
                    "refEtatResultat": "Créée Provisoire"
                },
                {
                    "identifiant": 2294,
                    "codeActeur": "A421948",
                    "numeroVersion": "0",
                    "commentaireIntervention": " Transaction BADR numéro 1296",
                    "dateHeureIntervention": "26/09/2019 14:33",
                    "intervention": "Annulation transaction signature",
                    "refEtatResultat": "Créée Provisoire"
                },
                {
                    "identifiant": 2295,
                    "codeActeur": "A421948",
                    "numeroVersion": "0",
                    "commentaireIntervention": " Transaction BADR numéro 1296",
                    "dateHeureIntervention": "26/09/2019 14:33",
                    "intervention": "Création transaction signature",
                    "refEtatResultat": "Créée Provisoire"
                },
                {
                    "identifiant": 2296,
                    "codeActeur": "A421948",
                    "numeroVersion": "0",
                    "commentaireIntervention": " Transaction BADR numéro 1296",
                    "dateHeureIntervention": "26/09/2019 14:33",
                    "intervention": "Signature Déclarant",
                    "refEtatResultat": "Signée"
                },
                {
                    "identifiant": 2297,
                    "codeActeur": "TESTAG5",
                    "numeroVersion": "0",
                    "commentaireIntervention": "Motiver la confirmation de la mainlevée.",
                    "dateHeureIntervention": "26/09/2019 14:35",
                    "intervention": "Mainlevée délivrée",
                    "refEtatResultat": "Mainlevée délivrée"
                },
                {
                    "identifiant": 2298,
                    "codeActeur": "TESTAG5",
                    "numeroVersion": "0",
                    "commentaireIntervention": "Motif de l'Apurement",
                    "dateHeureIntervention": "26/09/2019 14:37",
                    "intervention": "Apurement",
                    "refEtatResultat": "Apurée"
                },
                {
                    "identifiant": 2299,
                    "codeActeur": "TESTAG5",
                    "numeroVersion": "0",
                    "commentaireIntervention": "Motif de l'annulation d'apurement",
                    "dateHeureIntervention": "26/09/2019 14:46",
                    "intervention": "Annuler apurement",
                    "refEtatResultat": "Mainlevée délivrée"
                },
                {
                    "identifiant": 4238,
                    "codeActeur": "AD6205",
                    "numeroVersion": "0",
                    "commentaireIntervention": "Date Vu Embarquer: 24/05/2021 04:00\n Commentaire: a",
                    "dateHeureIntervention": "24/05/2021 12:31",
                    "intervention": "Vu Embarquer",
                    "refEtatResultat": "Mainlevée délivrée"
                },
                {
                    "identifiant": 4239,
                    "codeActeur": "AD6205",
                    "numeroVersion": "0",
                    "commentaireIntervention": "a",
                    "dateHeureIntervention": "24/05/2021 12:32",
                    "intervention": "Apurement",
                    "refEtatResultat": "Apurée"
                }
            ]
        },
        "trypRecherchePreapSectionVO": {},
        "trypRecherchePreapApuresSectionVO": {},
        "declarationTriptique": {
            "codeInitiateur": "A421948",
            "refOperateurDeclarant": "OP DECLARANT T12",
            "refOperateurSoumissionaire": "OP DECLARANT T12",
            "rcDéclarant": "1111444 /81",
            "codeOperateurSoumissionaire": "35291",
            "rcSoumission": "1111444 /81",
            "nomTransporteur": "OP DECLARANT T12",
            "statut": "010",
            "indentifiant": 1181,
            "anticipee": false,
            "enregistree": true,
            "numeroVersionCourante": 0,
            "dateCreation": 1569504646680,
            "refBureauDedouanement": "Casa port (309)",
            "refRegime": "D20",
            "refVersionsDeclarationEnDouane": [
                {
                    "indentifiant": 1296,
                    "lignesEtatChargement": [
                        {
                            "refetatchargement": 53032
                        }
                    ],
                    "lignesLotDs": [],
                    "lignesEtatChargementApures": [],
                    "lignesLotDsApures": [],
                    "etatVersion": "010",
                    "etatVersionForm": "Apurée",
                    "numeroVersion": 0,
                    "typeVersion": "Courante",
                    "natureMarchandise": "Nature de la marchandise",
                    "dateEnregistrement": "26/09/2019 14:33:36",
                    "dateSignature": "26/09/2019 14:33:58",
                    "dateDebutAutorisationMa": "",
                    "dateFinAutorisationMa": "",
                    "idConducteur": "411",
                    "idConducteurSecondaire": "536",
                    "idVehicule": "463",
                    "idVehiculeSecondaire": "467",
                    "datePassage": "26/09/2019 14:35:24",
                    "agentPassage": "TESTAG5",
                    "idNatureVehicule": "02",
                    "idNatureVehiculeSecondaire": "04",
                    "avide": false,
                    "sansManifest": false,
                    "conducteurTryptiquePremiereSignature": true,
                    "conducteurTryptiqueSecondairePremiereSignature": true,
                    "conducteurTryptiqueTroisiemePremiereSignature": false,
                    "lignesDed": [],
                    "lignesDedApures": []
                }
            ],
            "referenceEnregistrement": "30990020190000044",
            "sortiePort": {
                "defaultConverter": {}
            },
            "sortieExisteDeja": false,
            "vuEmbarque": {
                "idVuEmbarque": 217,
                "dateVuEmbarque": "24/05/2021 04:00",
                "commentaire": "a",
                "agent": "AD6205",
                "defaultConverter": {}
            },
            "vuEmbarqueExisteDeja": true,
            "decApurementSigneExist": false,
            "decApurementExist": false,
            "defaultConverter": {},
            "codeOperateurDeclarant": "35291"
        },
        "enteteTrypVO": {
            "avide": false,
            "sansManifest": false,
            "showDeclarTry": false,
            "natureMarchandise": "Nature de la marchandise",
            "refBureauDedouanement": "309",
            "refRegime": "900",
            "libelleRegime": "D20",
            "annee": "2019",
            "serie": "0000044",
            "codeInitiateur": "A421948",
            "nomInitiateur": "SAMIRA - CHADLI",
            "transitaire": "false",
            "codeDeclarant": "35291",
            "nomDeclarant": "OP DECLARANT T12",
            "numeroRC": "1111444 /81",
            "codeTransporteur": "35291",
            "numeroRCTransporteur": "1111444 /81",
            "nomTransporteur": "OP DECLARANT T12",
            "dateDebutAutorisationMa": "",
            "dateFinAutorisationMa": "",
            "idConducteur": "411",
            "idConducteurSecondaire": "536",
            "idVehicule": "463",
            "idVehiculeSecondaire": "467",
            "idNatureVehicule": "02",
            "idNatureVehiculeSecondaire": "04",
            "dateCreation_VC": "26/09/2019 14:33:36",
            "dateCreation_VI": "",
            "dateDepot_VC": "26/09/2019 14:33:58",
            "dateDepot_VI": "",
            "status": "Apurée",
            "numeroVersion": "0",
            "type": "Courante",
            "dateCreaTryp": "26/09/2019 14:30:46",
            "libelleSectionDeclarant": "Transporteur"
        },
        "listDedDumPreapVOs": [],
        "listDeclarationEnDouaneVO": [],
        "listDeclarationEnDouaneApuresVO": [],
        "listEtatChargementVO": [
            {
                "referenceEnregistrement": "30900120190000001",
                "annee": "2019",
                "bureau": "309",
                "regime": "001",
                "serie": "0000001",
                "formatedDateenregistrement": "",
                "etatChargement": {
                    "dateHeureEnregistrement": "18/04/2019 10:16:22:092",
                    "dateHeureVoyage": "18/04/2019 12:00:00:000",
                    "refDeclarant": "AAM",
                    "bureauSortie": "Tanger-Méditerranée(411)[411]",
                    "navire": "NURAL STEVNS",
                    "dateHeureCreation": 1555578977776,
                    "refetatchargement": 53032
                },
                "defaultConverter": {}
            }
        ],
        "listEtatChargementApuresVO": [],
        "vctVehiculeSecondaires": [
            {
                "code": "464",
                "libelle": "MAT654321",
                "actif": false,
                "showDropDown": false,
                "disableAutoComplete": true,
                "onFocus": "",
                "disabled": false
            },
            {
                "code": "466",
                "libelle": "MAT7654321",
                "actif": false,
                "showDropDown": false,
                "disableAutoComplete": true,
                "onFocus": "",
                "disabled": false
            },
            {
                "code": "563",
                "libelle": "MAT963852",
                "actif": false,
                "showDropDown": false,
                "disableAutoComplete": true,
                "onFocus": "",
                "disabled": false
            },
            {
                "code": "467",
                "libelle": "MAT968574",
                "actif": false,
                "showDropDown": false,
                "disableAutoComplete": true,
                "onFocus": "",
                "disabled": false
            },
            {
                "code": "201",
                "libelle": "1A1",
                "actif": false,
                "showDropDown": false,
                "disableAutoComplete": true,
                "onFocus": "",
                "disabled": false
            }
        ],
        "vctVehicules": [
            {
                "code": "541",
                "libelle": "AZERT741852",
                "actif": false,
                "showDropDown": false,
                "disableAutoComplete": true,
                "onFocus": "",
                "disabled": false
            },
            {
                "code": "722",
                "libelle": "MAT112233",
                "actif": false,
                "showDropDown": false,
                "disableAutoComplete": true,
                "onFocus": "",
                "disabled": false
            },
            {
                "code": "465",
                "libelle": "MAT12345467",
                "actif": false,
                "showDropDown": false,
                "disableAutoComplete": true,
                "onFocus": "",
                "disabled": false
            },
            {
                "code": "562",
                "libelle": "MAT123456",
                "actif": false,
                "showDropDown": false,
                "disableAutoComplete": true,
                "onFocus": "",
                "disabled": false
            },
            {
                "code": "463",
                "libelle": "MAT123456",
                "actif": false,
                "showDropDown": false,
                "disableAutoComplete": true,
                "onFocus": "",
                "disabled": false
            },
            {
                "code": "642",
                "libelle": "MAT123457",
                "actif": false,
                "showDropDown": false,
                "disableAutoComplete": true,
                "onFocus": "",
                "disabled": false
            },
            {
                "code": "682",
                "libelle": "MAT123654",
                "actif": false,
                "showDropDown": false,
                "disableAutoComplete": true,
                "onFocus": "",
                "disabled": false
            },
            {
                "code": "662",
                "libelle": "MAT963852",
                "actif": false,
                "showDropDown": false,
                "disableAutoComplete": true,
                "onFocus": "",
                "disabled": false
            },
            {
                "code": "622",
                "libelle": "MAT968574",
                "actif": false,
                "showDropDown": false,
                "disableAutoComplete": true,
                "onFocus": "",
                "disabled": false
            },
            {
                "code": "582",
                "libelle": "MAT987654321",
                "actif": false,
                "showDropDown": false,
                "disableAutoComplete": true,
                "onFocus": "",
                "disabled": false
            },
            {
                "code": "762",
                "libelle": "MAT9998888777",
                "actif": false,
                "showDropDown": false,
                "disableAutoComplete": true,
                "onFocus": "",
                "disabled": false
            },
            {
                "code": "116",
                "libelle": "123",
                "actif": false,
                "showDropDown": false,
                "disableAutoComplete": true,
                "onFocus": "",
                "disabled": false
            },
            {
                "code": "561",
                "libelle": "123456",
                "actif": false,
                "showDropDown": false,
                "disableAutoComplete": true,
                "onFocus": "",
                "disabled": false
            },
            {
                "code": "264",
                "libelle": "1234566",
                "actif": false,
                "showDropDown": false,
                "disableAutoComplete": true,
                "onFocus": "",
                "disabled": false
            },
            {
                "code": "462",
                "libelle": "665665",
                "actif": false,
                "showDropDown": false,
                "disableAutoComplete": true,
                "onFocus": "",
                "disabled": false
            }
        ],
        "vctConducteurs": [
            {
                "code": "534",
                "libelle": "A B",
                "actif": false,
                "showDropDown": false,
                "disableAutoComplete": true,
                "onFocus": "",
                "disabled": false
            },
            {
                "code": "311",
                "libelle": "ALAMI ALI",
                "actif": false,
                "showDropDown": false,
                "disableAutoComplete": true,
                "onFocus": "",
                "disabled": false
            },
            {
                "code": "873",
                "libelle": "C S",
                "actif": false,
                "showDropDown": false,
                "disableAutoComplete": true,
                "onFocus": "",
                "disabled": false
            },
            {
                "code": "872",
                "libelle": "CHADLI SAMIRA",
                "actif": false,
                "showDropDown": false,
                "disableAutoComplete": true,
                "onFocus": "",
                "disabled": false
            },
            {
                "code": "211",
                "libelle": "CONDUCTEUR ZDAIK CONDUCTEUR AMAL",
                "actif": false,
                "showDropDown": false,
                "disableAutoComplete": true,
                "onFocus": "",
                "disabled": false
            },
            {
                "code": "203",
                "libelle": "CONDUCTEURNOM CONDUCTEURPRENOM",
                "actif": false,
                "showDropDown": false,
                "disableAutoComplete": true,
                "onFocus": "",
                "disabled": false
            },
            {
                "code": "911",
                "libelle": "C1 C1",
                "actif": false,
                "showDropDown": false,
                "disableAutoComplete": true,
                "onFocus": "",
                "disabled": false
            },
            {
                "code": "932",
                "libelle": "C2 C2",
                "actif": false,
                "showDropDown": false,
                "disableAutoComplete": true,
                "onFocus": "",
                "disabled": false
            },
            {
                "code": "931",
                "libelle": "C2 C2",
                "actif": false,
                "showDropDown": false,
                "disableAutoComplete": true,
                "onFocus": "",
                "disabled": false
            },
            {
                "code": "891",
                "libelle": "NC1 PC1",
                "actif": false,
                "showDropDown": false,
                "disableAutoComplete": true,
                "onFocus": "",
                "disabled": false
            },
            {
                "code": "892",
                "libelle": "NC2 PC2",
                "actif": false,
                "showDropDown": false,
                "disableAutoComplete": true,
                "onFocus": "",
                "disabled": false
            },
            {
                "code": "593",
                "libelle": "NOM PRENOM",
                "actif": false,
                "showDropDown": false,
                "disableAutoComplete": true,
                "onFocus": "",
                "disabled": false
            },
            {
                "code": "411",
                "libelle": "NOM PRENOM",
                "actif": false,
                "showDropDown": false,
                "disableAutoComplete": true,
                "onFocus": "",
                "disabled": false
            },
            {
                "code": "433",
                "libelle": "NOM PRENOM",
                "actif": false,
                "showDropDown": false,
                "disableAutoComplete": true,
                "onFocus": "",
                "disabled": false
            },
            {
                "code": "753",
                "libelle": "NOM PRENOM",
                "actif": false,
                "showDropDown": false,
                "disableAutoComplete": true,
                "onFocus": "",
                "disabled": false
            },
            {
                "code": "751",
                "libelle": "NOM PRENOM",
                "actif": false,
                "showDropDown": false,
                "disableAutoComplete": true,
                "onFocus": "",
                "disabled": false
            },
            {
                "code": "752",
                "libelle": "NOM PRENOM",
                "actif": false,
                "showDropDown": false,
                "disableAutoComplete": true,
                "onFocus": "",
                "disabled": false
            },
            {
                "code": "535",
                "libelle": "NOM PRENOM",
                "actif": false,
                "showDropDown": false,
                "disableAutoComplete": true,
                "onFocus": "",
                "disabled": false
            },
            {
                "code": "871",
                "libelle": "NOM PRENOM",
                "actif": false,
                "showDropDown": false,
                "disableAutoComplete": true,
                "onFocus": "",
                "disabled": false
            },
            {
                "code": "214",
                "libelle": "NOM CONDUCTEUR ZDAIK PRENOM CONDUCTEUR AMAL",
                "actif": false,
                "showDropDown": false,
                "disableAutoComplete": true,
                "onFocus": "",
                "disabled": false
            },
            {
                "code": "952",
                "libelle": "NOM 55 PRÉNOM 55",
                "actif": false,
                "showDropDown": false,
                "disableAutoComplete": true,
                "onFocus": "",
                "disabled": false
            },
            {
                "code": "432",
                "libelle": "NOML PRENOLM",
                "actif": false,
                "showDropDown": false,
                "disableAutoComplete": true,
                "onFocus": "",
                "disabled": false
            },
            {
                "code": "434",
                "libelle": "NOM1 PRENOM1",
                "actif": false,
                "showDropDown": false,
                "disableAutoComplete": true,
                "onFocus": "",
                "disabled": false
            },
            {
                "code": "595",
                "libelle": "NOM1 PRENOM1",
                "actif": false,
                "showDropDown": false,
                "disableAutoComplete": true,
                "onFocus": "",
                "disabled": false
            },
            {
                "code": "594",
                "libelle": "NOM1 PRENOM1",
                "actif": false,
                "showDropDown": false,
                "disableAutoComplete": true,
                "onFocus": "",
                "disabled": false
            },
            {
                "code": "536",
                "libelle": "NOM1 PRENOM1",
                "actif": false,
                "showDropDown": false,
                "disableAutoComplete": true,
                "onFocus": "",
                "disabled": false
            },
            {
                "code": "596",
                "libelle": "NOM2 PRENOM2",
                "actif": false,
                "showDropDown": false,
                "disableAutoComplete": true,
                "onFocus": "",
                "disabled": false
            },
            {
                "code": "631",
                "libelle": "NOM3 PRENOM3",
                "actif": false,
                "showDropDown": false,
                "disableAutoComplete": true,
                "onFocus": "",
                "disabled": false
            },
            {
                "code": "792",
                "libelle": "NOUVEAU NOM NOUVEAU PRENOM",
                "actif": false,
                "showDropDown": false,
                "disableAutoComplete": true,
                "onFocus": "",
                "disabled": false
            },
            {
                "code": "791",
                "libelle": "NOUVEAU NOM NOUVEAU PRENOM",
                "actif": false,
                "showDropDown": false,
                "disableAutoComplete": true,
                "onFocus": "",
                "disabled": false
            }
        ],
        "vctNaturesVehicule": [
            {
                "code": "01",
                "libelle": "TRACTEUR",
                "actif": false,
                "showDropDown": false,
                "disableAutoComplete": true,
                "onFocus": "",
                "disabled": false
            },
            {
                "code": "02",
                "libelle": "REMORQUE",
                "actif": false,
                "showDropDown": false,
                "disableAutoComplete": true,
                "onFocus": "",
                "disabled": false
            },
            {
                "code": "03",
                "libelle": "CAMION",
                "actif": false,
                "showDropDown": false,
                "disableAutoComplete": true,
                "onFocus": "",
                "disabled": false
            },
            {
                "code": "04",
                "libelle": "SEMI REMORQUE",
                "actif": false,
                "showDropDown": false,
                "disableAutoComplete": true,
                "onFocus": "",
                "disabled": false
            },
            {
                "code": "06",
                "libelle": " FOURGON",
                "actif": false,
                "showDropDown": false,
                "disableAutoComplete": true,
                "onFocus": "",
                "disabled": false
            }
        ],
        "traceSignature": {
            "date_signature": "26-09-2019 14.47.01",
            "qualite_signataire": "DECLARANT",
            "ident_signataire": "A421948",
            "numeroTransaction": "1296"
        },
        "datePassage": "26/09/2019 14:35:24",
        "agentPassage": "TESTAG5"
    }
}