{
    "dtoHeader": {
        "userLogin": "YELM",
        "fonctionnalite": "cf90008",
        "module": "DED_LIB",
        "commande": "ded.findTrypByRef",
        "typeService": "UC",
        "offset": 0,
        "pageSize": 0,
        "rowCount": 0
    },
    "jsonVO": {
        "dontHandleLimitationOperateur": false,
        "versionModifiee": true,
        "lancerTraitementCompteDechage": false,
        "insideEtude": false,
        "insideRedressement": false,
        "initiale": false,
        "ssDUM": false,
        "insideRedressementApresMainLevee": false,
        "demandeModification": false,
        "idDeclaration": "1213",
        "defaultConverter": {},
        "depuisDsMeadCombinee": false,
        "callFromEC": false,
        "revaliderEtude": false,
        "dumFictiveParam": false,
        "transfertOperateurParam": false,
        "banqueConsign": false,
        "createParam": false,
        "banqueSaisie": false,
        "transit": false,
        "regimeExport": false,
        "appelCouplageFromUC1": false,
        "occasionnelle": false,
        "regimeTransitImport": false
    }
}