{
    "dtoHeader": {
        "userLogin": "YASAG",
        "fonctionnalite": "cf4011",
        "module": "REF_LIB",
        "commande": "getCmbPays",
        "typeService": "SP",
        "motif": null,
        "messagesInfo": null,
        "messagesErreur": null
    },
    "jsonVO": [
        {
          "code": "MO",
          "libelle": "MACAO(MO)",
          "nomPays": "MACAO",
          "actif": false,
          "showDropDown": false,
          "disableAutoComplete": true,
          "onFocus": "",
          "disabled": false
        },
        {
          "code": "MG",
          "libelle": "MADAGASCAR(MG)",
          "nomPays": "MADAGASCAR",
          "actif": false,
          "showDropDown": false,
          "disableAutoComplete": true,
          "onFocus": "",
          "disabled": false
        },
        {
          "code": "MY",
          "libelle": "MALAISIE(MY)",
          "nomPays": "MALAISIE",
          "actif": false,
          "showDropDown": false,
          "disableAutoComplete": true,
          "onFocus": "",
          "disabled": false
        },
        {
          "code": "MW",
          "libelle": "MALAWI(MW)",
          "nomPays": "MALAWI",
          "actif": false,
          "showDropDown": false,
          "disableAutoComplete": true,
          "onFocus": "",
          "disabled": false
        },
        {
          "code": "MV",
          "libelle": "MALDIVES(MV)",
          "nomPays": "MALDIVES",
          "actif": false,
          "showDropDown": false,
          "disableAutoComplete": true,
          "onFocus": "",
          "disabled": false
        },
        {
          "code": "ML",
          "libelle": "MALI(ML)",
          "nomPays": "MALI",
          "actif": false,
          "showDropDown": false,
          "disableAutoComplete": true,
          "onFocus": "",
          "disabled": false
        },
        {
          "code": "MT",
          "libelle": "MALTE(MT)",
          "nomPays": "MALTE",
          "actif": false,
          "showDropDown": false,
          "disableAutoComplete": true,
          "onFocus": "",
          "disabled": false
        },
        {
          "code": "MA",
          "libelle": "MAROC(MA)",
          "nomPays": "MAROC",
          "actif": false,
          "showDropDown": false,
          "disableAutoComplete": true,
          "onFocus": "",
          "disabled": false
        },
        {
          "code": "MQ",
          "libelle": "MARTINIQUE(MQ)",
          "nomPays": "MARTINIQUE",
          "actif": false,
          "showDropDown": false,
          "disableAutoComplete": true,
          "onFocus": "",
          "disabled": false
        },
        {
          "code": "MR",
          "libelle": "MAURITANIE(MR)",
          "nomPays": "MAURITANIE",
          "actif": false,
          "showDropDown": false,
          "disableAutoComplete": true,
          "onFocus": "",
          "disabled": false
        },
        {
          "code": "YT",
          "libelle": "MAYOTTE(YT)",
          "nomPays": "MAYOTTE",
          "actif": false,
          "showDropDown": false,
          "disableAutoComplete": true,
          "onFocus": "",
          "disabled": false
        }
    ]
}
