{
  "dtoHeader": {
    "userLogin": "YASAG",
    "fonctionnalite": "cf4011",
    "module": "REF_LIB",
    "commande": "getCmbLieuStockageParBureau",
    "typeService": "SP",
    "motif": null,
    "messagesInfo": null,
    "messagesErreur": null
  },
  "jsonVO": [
    {
      "code": "A",
      "libelle": "A(A)",
      "actif": false,
      "showDropDown": false,
      "disableAutoComplete": true,
      "onFocus": "",
      "disabled": false
    },
    {
      "code": "1034",
      "libelle": "A(1034)",
      "actif": false,
      "showDropDown": false,
      "disableAutoComplete": true,
      "onFocus": "",
      "disabled": false
    },
    {
      "code": "1222",
      "libelle": "CC(1222)",
      "actif": false,
      "showDropDown": false,
      "disableAutoComplete": true,
      "onFocus": "",
      "disabled": false
    },
    {
      "code": "456",
      "libelle": "CXCX(456)",
      "actif": false,
      "showDropDown": false,
      "disableAutoComplete": true,
      "onFocus": "",
      "disabled": false
    },
    {
      "code": "LC1",
      "libelle": "DD(LC1)",
      "actif": false,
      "showDropDown": false,
      "disableAutoComplete": true,
      "onFocus": "",
      "disabled": false
    },
    {
      "code": "111",
      "libelle": "DEFHD(111)",
      "actif": false,
      "showDropDown": false,
      "disableAutoComplete": true,
      "onFocus": "",
      "disabled": false
    },
    {
      "code": "300125",
      "libelle": "DESC(300125)",
      "actif": false,
      "showDropDown": false,
      "disableAutoComplete": true,
      "onFocus": "",
      "disabled": false
    },
    {
      "code": "LS7",
      "libelle": "DESC(LS7)",
      "actif": false,
      "showDropDown": false,
      "disableAutoComplete": true,
      "onFocus": "",
      "disabled": false
    },
    {
      "code": "LS-57",
      "libelle": "DESC(LS-57)",
      "actif": false,
      "showDropDown": false,
      "disableAutoComplete": true,
      "onFocus": "",
      "disabled": false
    },
    {
      "code": "140514",
      "libelle": "DESCRIPTION(140514)",
      "actif": false,
      "showDropDown": false,
      "disableAutoComplete": true,
      "onFocus": "",
      "disabled": false
    },
    {
      "code": "JSFCHR",
      "libelle": "DESCRIPTION (JSFCHR)",
      "actif": false,
      "showDropDown": false,
      "disableAutoComplete": true,
      "onFocus": "",
      "disabled": false
    },
    {
      "code": "789456",
      "libelle": "DZDs(789456)",
      "actif": false,
      "showDropDown": false,
      "disableAutoComplete": true,
      "onFocus": "",
      "disabled": false
    },
    {
      "code": "200117",
      "libelle": "ELAN TRANSPORT(200117)",
      "actif": false,
      "showDropDown": false,
      "disableAutoComplete": true,
      "onFocus": "",
      "disabled": false
    },
    {
      "code": "309296",
      "libelle": "ELAN TRANSPORT INTERNATIONAL (309296)",
      "actif": false,
      "showDropDown": false,
      "disableAutoComplete": true,
      "onFocus": "",
      "disabled": false
    },
    {
      "code": "EZRE",
      "libelle": "ERFEZR(EZRE)",
      "actif": false,
      "showDropDown": false,
      "disableAutoComplete": true,
      "onFocus": "",
      "disabled": false
    },
    {
      "code": "LS33",
      "libelle": "FFF(LS33)",
      "actif": false,
      "showDropDown": false,
      "disableAutoComplete": true,
      "onFocus": "",
      "disabled": false
    },
    {
      "code": "45",
      "libelle": "FGFG(45)",
      "actif": false,
      "showDropDown": false,
      "disableAutoComplete": true,
      "onFocus": "",
      "disabled": false
    },
    {
      "code": "309801",
      "libelle": "FRIGO 01(309801)",
      "actif": false,
      "showDropDown": false,
      "disableAutoComplete": true,
      "onFocus": "",
      "disabled": false
    },
    {
      "code": "309802",
      "libelle": "FRIGO 02(309802)",
      "actif": false,
      "showDropDown": false,
      "disableAutoComplete": true,
      "onFocus": "",
      "disabled": false
    },
    {
      "code": "309293",
      "libelle": "GEFCO-STCMA(309293)",
      "actif": false,
      "showDropDown": false,
      "disableAutoComplete": true,
      "onFocus": "",
      "disabled": false
    },
    {
      "code": "309424",
      "libelle": "HANGAR 24 (TA 24)(309424)",
      "actif": false,
      "showDropDown": false,
      "disableAutoComplete": true,
      "onFocus": "",
      "disabled": false
    },
    {
      "code": "309425",
      "libelle": "HANGAR 25 (TA 25)(309425)",
      "actif": false,
      "showDropDown": false,
      "disableAutoComplete": true,
      "onFocus": "",
      "disabled": false
    },
    {
      "code": "309426",
      "libelle": "HANGAR 26 (TA 26)(309426)",
      "actif": false,
      "showDropDown": false,
      "disableAutoComplete": true,
      "onFocus": "",
      "disabled": false
    },
    {
      "code": "309427",
      "libelle": "HANGAR 27 (TA 27)(309427)",
      "actif": false,
      "showDropDown": false,
      "disableAutoComplete": true,
      "onFocus": "",
      "disabled": false
    },
    {
      "code": "309428",
      "libelle": "HANGAR 28 (TA 28)(309428)",
      "actif": false,
      "showDropDown": false,
      "disableAutoComplete": true,
      "onFocus": "",
      "disabled": false
    },
    {
      "code": "309902",
      "libelle": "MAG MARINE MAROC(309902)",
      "actif": false,
      "showDropDown": false,
      "disableAutoComplete": true,
      "onFocus": "",
      "disabled": false
    },
    {
      "code": "309903",
      "libelle": "MAG MILITZER ET MUNCH(309903)",
      "actif": false,
      "showDropDown": false,
      "disableAutoComplete": true,
      "onFocus": "",
      "disabled": false
    },
    {
      "code": "309904",
      "libelle": "MAG SCAC MAROC(309904)",
      "actif": false,
      "showDropDown": false,
      "disableAutoComplete": true,
      "onFocus": "",
      "disabled": false
    },
    {
      "code": "309905",
      "libelle": "MAG TIMAR(309905)",
      "actif": false,
      "showDropDown": false,
      "disableAutoComplete": true,
      "onFocus": "",
      "disabled": false
    },
    {
      "code": "309301",
      "libelle": "MAGASIN A(309301)",
      "actif": false,
      "showDropDown": false,
      "disableAutoComplete": true,
      "onFocus": "",
      "disabled": false
    },
    {
      "code": "309302",
      "libelle": "MAGASIN B(309302)",
      "actif": false,
      "showDropDown": false,
      "disableAutoComplete": true,
      "onFocus": "",
      "disabled": false
    },
    {
      "code": "309304",
      "libelle": "MAGASIN D(309304)",
      "actif": false,
      "showDropDown": false,
      "disableAutoComplete": true,
      "onFocus": "",
      "disabled": false
    },
    {
      "code": "309305",
      "libelle": "MAGASIN E(309305)",
      "actif": false,
      "showDropDown": false,
      "disableAutoComplete": true,
      "onFocus": "",
      "disabled": false
    },
    {
      "code": "309306",
      "libelle": "MAGASIN F(309306)",
      "actif": false,
      "showDropDown": false,
      "disableAutoComplete": true,
      "onFocus": "",
      "disabled": false
    },
    {
      "code": "309307",
      "libelle": "MAGASIN G(309307)",
      "actif": false,
      "showDropDown": false,
      "disableAutoComplete": true,
      "onFocus": "",
      "disabled": false
    },
    {
      "code": "309102",
      "libelle": "MAGASIN ONT(309102)",
      "actif": false,
      "showDropDown": false,
      "disableAutoComplete": true,
      "onFocus": "",
      "disabled": false
    },
    {
      "code": "309234",
      "libelle": "MAGASIN T3T4(309234)",
      "actif": false,
      "showDropDown": false,
      "disableAutoComplete": true,
      "onFocus": "",
      "disabled": false
    },
    {
      "code": "309300",
      "libelle": "MAGASIN VEGETAUX(309300)",
      "actif": false,
      "showDropDown": false,
      "disableAutoComplete": true,
      "onFocus": "",
      "disabled": false
    },
    {
      "code": "309201",
      "libelle": "MAGASIN 01 (TR 01)(309201)",
      "actif": false,
      "showDropDown": false,
      "disableAutoComplete": true,
      "onFocus": "",
      "disabled": false
    },
    {
      "code": "309202",
      "libelle": "MAGASIN 02 PILOTE(309202)",
      "actif": false,
      "showDropDown": false,
      "disableAutoComplete": true,
      "onFocus": "",
      "disabled": false
    },
    {
      "code": "309203",
      "libelle": "MAGASIN 03 (TR 03)(309203)",
      "actif": false,
      "showDropDown": false,
      "disableAutoComplete": true,
      "onFocus": "",
      "disabled": false
    },
    {
      "code": "309204",
      "libelle": "MAGASIN 04 (TR 04)(309204)",
      "actif": false,
      "showDropDown": false,
      "disableAutoComplete": true,
      "onFocus": "",
      "disabled": false
    },
    {
      "code": "309206",
      "libelle": "MAGASIN 06 (TR 06)(309206)",
      "actif": false,
      "showDropDown": false,
      "disableAutoComplete": true,
      "onFocus": "",
      "disabled": false
    },
    {
      "code": "309208",
      "libelle": "MAGASIN 08 (TR 08)(309208)",
      "actif": false,
      "showDropDown": false,
      "disableAutoComplete": true,
      "onFocus": "",
      "disabled": false
    },
    {
      "code": "309210",
      "libelle": "MAGASIN 10 (TR 10)(309210)",
      "actif": false,
      "showDropDown": false,
      "disableAutoComplete": true,
      "onFocus": "",
      "disabled": false
    },
    {
      "code": "309211",
      "libelle": "MAGASIN 11 (TCPA 11)(309211)",
      "actif": false,
      "showDropDown": false,
      "disableAutoComplete": true,
      "onFocus": "",
      "disabled": false
    },
    {
      "code": "309213",
      "libelle": "MAGASIN 13 (TCPA 13)(309213)",
      "actif": false,
      "showDropDown": false,
      "disableAutoComplete": true,
      "onFocus": "",
      "disabled": false
    },
    {
      "code": "309214",
      "libelle": "MAGASIN 14 (TCPA 14)(309214)",
      "actif": false,
      "showDropDown": false,
      "disableAutoComplete": true,
      "onFocus": "",
      "disabled": false
    },
    {
      "code": "309215",
      "libelle": "MAGASIN 15 (TCPA 15)(309215)",
      "actif": false,
      "showDropDown": false,
      "disableAutoComplete": true,
      "onFocus": "",
      "disabled": false
    },
    {
      "code": "309216",
      "libelle": "MAGASIN 16 (TCPA 16)(309216)",
      "actif": false,
      "showDropDown": false,
      "disableAutoComplete": true,
      "onFocus": "",
      "disabled": false
    },
    {
      "code": "309217",
      "libelle": "MAGASIN 17 (TCPA 17)(309217)",
      "actif": false,
      "showDropDown": false,
      "disableAutoComplete": true,
      "onFocus": "",
      "disabled": false
    },
    {
      "code": "309218",
      "libelle": "MAGASIN 18 (TCPA 18)(309218)",
      "actif": false,
      "showDropDown": false,
      "disableAutoComplete": true,
      "onFocus": "",
      "disabled": false
    },
    {
      "code": "309219",
      "libelle": "MAGASIN 19 (TA 19)(309219)",
      "actif": false,
      "showDropDown": false,
      "disableAutoComplete": true,
      "onFocus": "",
      "disabled": false
    },
    {
      "code": "309220",
      "libelle": "MAGASIN 20 (TA 20)(309220)",
      "actif": false,
      "showDropDown": false,
      "disableAutoComplete": true,
      "onFocus": "",
      "disabled": false
    },
    {
      "code": "309221",
      "libelle": "MAGASIN 21 (TA 21)(309221)",
      "actif": false,
      "showDropDown": false,
      "disableAutoComplete": true,
      "onFocus": "",
      "disabled": false
    },
    {
      "code": "309222",
      "libelle": "MAGASIN 22 (TA 22)(309222)",
      "actif": false,
      "showDropDown": false,
      "disableAutoComplete": true,
      "onFocus": "",
      "disabled": false
    },
    {
      "code": "309229",
      "libelle": "MAGASIN 29 (TA 29)(309229)",
      "actif": false,
      "showDropDown": false,
      "disableAutoComplete": true,
      "onFocus": "",
      "disabled": false
    },
    {
      "code": "309250",
      "libelle": "MAGASIN 50 (TCPA 50)(309250)",
      "actif": false,
      "showDropDown": false,
      "disableAutoComplete": true,
      "onFocus": "",
      "disabled": false
    },
    {
      "code": "309260",
      "libelle": "MAGASIN 60 (TCPA 60)(309260)",
      "actif": false,
      "showDropDown": false,
      "disableAutoComplete": true,
      "onFocus": "",
      "disabled": false
    },
    {
      "code": "309280",
      "libelle": "MAGASIN 80 (TCPA 80)(309280)",
      "actif": false,
      "showDropDown": false,
      "disableAutoComplete": true,
      "onFocus": "",
      "disabled": false
    },
    {
      "code": "309297",
      "libelle": "MAGASIN 97 (TR 97)(309297)",
      "actif": false,
      "showDropDown": false,
      "disableAutoComplete": true,
      "onFocus": "",
      "disabled": false
    },
    {
      "code": "547189",
      "libelle": "MEAD INTERNE(547189)",
      "actif": false,
      "showDropDown": false,
      "disableAutoComplete": true,
      "onFocus": "",
      "disabled": false
    },
    {
      "code": "ls01",
      "libelle": "MEAD Interne(ls01)",
      "actif": false,
      "showDropDown": false,
      "disableAutoComplete": true,
      "onFocus": "",
      "disabled": false
    },
    {
      "code": "LS9999",
      "libelle": "MEAD Interne(LS9999)",
      "actif": false,
      "showDropDown": false,
      "disableAutoComplete": true,
      "onFocus": "",
      "disabled": false
    },
    {
      "code": "012017",
      "libelle": "MEAD M&M process(012017)",
      "actif": false,
      "showDropDown": false,
      "disableAutoComplete": true,
      "onFocus": "",
      "disabled": false
    },
    {
      "code": "309500",
      "libelle": "MOLE TARIK(309500)",
      "actif": false,
      "showDropDown": false,
      "disableAutoComplete": true,
      "onFocus": "",
      "disabled": false
    },
    {
      "code": "309505",
      "libelle": "MOLE 05 (MD 05)(309505)",
      "actif": false,
      "showDropDown": false,
      "disableAutoComplete": true,
      "onFocus": "",
      "disabled": false
    },
    {
      "code": "309507",
      "libelle": "MOLE 07 (MD 07)(309507)",
      "actif": false,
      "showDropDown": false,
      "disableAutoComplete": true,
      "onFocus": "",
      "disabled": false
    },
    {
      "code": "309509",
      "libelle": "MOLE 09 (MD 09)(309509)",
      "actif": false,
      "showDropDown": false,
      "disableAutoComplete": true,
      "onFocus": "",
      "disabled": false
    },
    {
      "code": "309530",
      "libelle": "MOLE 30 (MD 30)(309530)",
      "actif": false,
      "showDropDown": false,
      "disableAutoComplete": true,
      "onFocus": "",
      "disabled": false
    },
    {
      "code": "309101",
      "libelle": "N.T.C.(309101)",
      "actif": false,
      "showDropDown": false,
      "disableAutoComplete": true,
      "onFocus": "",
      "disabled": false
    },
    {
      "code": "200542",
      "libelle": "REP FRET(200542)",
      "actif": false,
      "showDropDown": false,
      "disableAutoComplete": true,
      "onFocus": "",
      "disabled": false
    },
    {
      "code": "309601",
      "libelle": "SILO 01(309601)",
      "actif": false,
      "showDropDown": false,
      "disableAutoComplete": true,
      "onFocus": "",
      "disabled": false
    },
    {
      "code": "309602",
      "libelle": "SILO 02(309602)",
      "actif": false,
      "showDropDown": false,
      "disableAutoComplete": true,
      "onFocus": "",
      "disabled": false
    },
    {
      "code": "309295",
      "libelle": "SONATRANS DÉCISION N° 33/2004 DU 04/02/2004(309295)",
      "actif": false,
      "showDropDown": false,
      "disableAutoComplete": true,
      "onFocus": "",
      "disabled": false
    },
    {
      "code": "200120",
      "libelle": "STC MAROC(200120)",
      "actif": false,
      "showDropDown": false,
      "disableAutoComplete": true,
      "onFocus": "",
      "disabled": false
    },
    {
      "code": "309110",
      "libelle": "TERMINAL A CONTENEUR(309110)",
      "actif": false,
      "showDropDown": false,
      "disableAutoComplete": true,
      "onFocus": "",
      "disabled": false
    },
    {
      "code": "4",
      "libelle": "TEST(4)",
      "actif": false,
      "showDropDown": false,
      "disableAutoComplete": true,
      "onFocus": "",
      "disabled": false
    },
    {
      "code": "77758",
      "libelle": "TEST(77758)",
      "actif": false,
      "showDropDown": false,
      "disableAutoComplete": true,
      "onFocus": "",
      "disabled": false
    },
    {
      "code": "T1000",
      "libelle": "TEST(T1000)",
      "actif": false,
      "showDropDown": false,
      "disableAutoComplete": true,
      "onFocus": "",
      "disabled": false
    },
    {
      "code": "8898",
      "libelle": "TEST(8898)",
      "actif": false,
      "showDropDown": false,
      "disableAutoComplete": true,
      "onFocus": "",
      "disabled": false
    },
    {
      "code": "147",
      "libelle": "TEST(147)",
      "actif": false,
      "showDropDown": false,
      "disableAutoComplete": true,
      "onFocus": "",
      "disabled": false
    },
    {
      "code": "1CODE",
      "libelle": "test(1CODE)",
      "actif": false,
      "showDropDown": false,
      "disableAutoComplete": true,
      "onFocus": "",
      "disabled": false
    },
    {
      "code": "L12",
      "libelle": "TEST TEST(L12)",
      "actif": false,
      "showDropDown": false,
      "disableAutoComplete": true,
      "onFocus": "",
      "disabled": false
    },
    {
      "code": "1478",
      "libelle": "test test(1478)",
      "actif": false,
      "showDropDown": false,
      "disableAutoComplete": true,
      "onFocus": "",
      "disabled": false
    },
    {
      "code": "TEST01",
      "libelle": "TEST01(TEST01)",
      "actif": false,
      "showDropDown": false,
      "disableAutoComplete": true,
      "onFocus": "",
      "disabled": false
    },
    {
      "code": "TIC",
      "libelle": "TICTIC(TIC)",
      "actif": false,
      "showDropDown": false,
      "disableAutoComplete": true,
      "onFocus": "",
      "disabled": false
    },
    {
      "code": "TO",
      "libelle": "TO(TO)",
      "actif": false,
      "showDropDown": false,
      "disableAutoComplete": true,
      "onFocus": "",
      "disabled": false
    },
    {
      "code": "309111",
      "libelle": "T.P. 11 CONTENEURS(309111)",
      "actif": false,
      "showDropDown": false,
      "disableAutoComplete": true,
      "onFocus": "",
      "disabled": false
    },
    {
      "code": "309116",
      "libelle": "T.P. 16 INFLAM.(309116)",
      "actif": false,
      "showDropDown": false,
      "disableAutoComplete": true,
      "onFocus": "",
      "disabled": false
    },
    {
      "code": "200119",
      "libelle": "TRADITRANS(200119)",
      "actif": false,
      "showDropDown": false,
      "disableAutoComplete": true,
      "onFocus": "",
      "disabled": false
    },
    {
      "code": "12L",
      "libelle": "TTEST(12L)",
      "actif": false,
      "showDropDown": false,
      "disableAutoComplete": true,
      "onFocus": "",
      "disabled": false
    },
    {
      "code": "ST",
      "libelle": "TTTT(ST)",
      "actif": false,
      "showDropDown": false,
      "disableAutoComplete": true,
      "onFocus": "",
      "disabled": false
    },
    {
      "code": "LSTA5",
      "libelle": "WWWWWWWWWWWWWWWWWWWWWWWWWWWWWWWWWWWWWWWW(LSTA5)",
      "actif": false,
      "showDropDown": false,
      "disableAutoComplete": true,
      "onFocus": "",
      "disabled": false
    },
    {
      "code": "LSTA6",
      "libelle": "WWWWWWWWWWWWWWWWWWWWWWWWWWWWWWWWWWWWWWWWWWWW(LSTA6)",
      "actif": false,
      "showDropDown": false,
      "disableAutoComplete": true,
      "onFocus": "",
      "disabled": false
    },
    {
      "code": "MAISON",
      "libelle": "ZEDSD(MAISON)",
      "actif": false,
      "showDropDown": false,
      "disableAutoComplete": true,
      "onFocus": "",
      "disabled": false
    },
    {
      "code": "309294",
      "libelle": "ZIEGLER(309294)",
      "actif": false,
      "showDropDown": false,
      "disableAutoComplete": true,
      "onFocus": "",
      "disabled": false
    },
    {
      "code": "200116",
      "libelle": "ZIEGLER MAROC(200116)",
      "actif": false,
      "showDropDown": false,
      "disableAutoComplete": true,
      "onFocus": "",
      "disabled": false
    },
    {
      "code": "02",
      "libelle": "01(02)",
      "actif": false,
      "showDropDown": false,
      "disableAutoComplete": true,
      "onFocus": "",
      "disabled": false
    },
    {
      "code": "11112",
      "libelle": "1(11112)",
      "actif": false,
      "showDropDown": false,
      "disableAutoComplete": true,
      "onFocus": "",
      "disabled": false
    },
    {
      "code": "1210",
      "libelle": "1(1210)",
      "actif": false,
      "showDropDown": false,
      "disableAutoComplete": true,
      "onFocus": "",
      "disabled": false
    },
    {
      "code": "1209",
      "libelle": "1(1209)",
      "actif": false,
      "showDropDown": false,
      "disableAutoComplete": true,
      "onFocus": "",
      "disabled": false
    },
    {
      "code": "1212",
      "libelle": "1(1212)",
      "actif": false,
      "showDropDown": false,
      "disableAutoComplete": true,
      "onFocus": "",
      "disabled": false
    },
    {
      "code": "1211",
      "libelle": "1(1211)",
      "actif": false,
      "showDropDown": false,
      "disableAutoComplete": true,
      "onFocus": "",
      "disabled": false
    },
    {
      "code": "HOME",
      "libelle": "1(HOME)",
      "actif": false,
      "showDropDown": false,
      "disableAutoComplete": true,
      "onFocus": "",
      "disabled": false
    },
    {
      "code": "03",
      "libelle": "11(03)",
      "actif": false,
      "showDropDown": false,
      "disableAutoComplete": true,
      "onFocus": "",
      "disabled": false
    },
    {
      "code": "4566",
      "libelle": "111(4566)",
      "actif": false,
      "showDropDown": false,
      "disableAutoComplete": true,
      "onFocus": "",
      "disabled": false
    },
    {
      "code": "456987",
      "libelle": "1212(456987)",
      "actif": false,
      "showDropDown": false,
      "disableAutoComplete": true,
      "onFocus": "",
      "disabled": false
    }
  ]
}
