{
  "dtoHeader": {
    "userLogin": "YAMAGENT",
    "fonctionnalite": "cf4011",
    "module": "REF_LIB",
    "commande": "getListeBureaux",
    "typeService": "SP",
    "motif": null,
    "messagesInfo": null,
    "messagesErreur": null
  },
  "jsonVO": [
    {
      "recette": "",
      "cable": "",
      "dateFin": "",
      "refArrondissement": "",
      "travailSamedi": "",
      "refModeTransport": "",
      "dateEffet": "",
      "exigePreapurementDS": "",
      "refVille": "",
      "nomBureauDouane": "ADMINISTRATION CENTRALE",
      "placeBancable": "",
      "codeBureau": "000",
      "es": "",
      "statut": null,
      "nomVille": "",
      "rechercheAnnules": false,
      "rechercheValides": true,
      "formatedLibelleModeTransport": null,
      "idPourRecherche": null,
      "defaultConverter": {}
    },
    {
      "recette": "",
      "cable": "",
      "dateFin": "",
      "refArrondissement": "",
      "travailSamedi": "",
      "refModeTransport": "",
      "dateEffet": "",
      "exigePreapurementDS": "",
      "refVille": "",
      "nomBureauDouane": "AGADIR/PORT(100)",
      "placeBancable": "",
      "codeBureau": "100",
      "es": "",
      "statut": null,
      "nomVille": "",
      "rechercheAnnules": false,
      "rechercheValides": true,
      "formatedLibelleModeTransport": null,
      "idPourRecherche": null,
      "defaultConverter": {}
    },
    {
      "recette": "",
      "cable": "",
      "dateFin": "",
      "refArrondissement": "",
      "travailSamedi": "",
      "refModeTransport": "",
      "dateEffet": "",
      "exigePreapurementDS": "",
      "refVille": "",
      "nomBureauDouane": "ED-DAKHLA(104)",
      "placeBancable": "",
      "codeBureau": "104",
      "es": "",
      "statut": null,
      "nomVille": "",
      "rechercheAnnules": false,
      "rechercheValides": true,
      "formatedLibelleModeTransport": null,
      "idPourRecherche": null,
      "defaultConverter": {}
    },
    {
      "recette": "",
      "cable": "",
      "dateFin": "",
      "refArrondissement": "",
      "travailSamedi": "",
      "refModeTransport": "",
      "dateEffet": "",
      "exigePreapurementDS": "",
      "refVille": "",
      "nomBureauDouane": "SAFI(200)",
      "placeBancable": "",
      "codeBureau": "200",
      "es": "",
      "statut": null,
      "nomVille": "",
      "rechercheAnnules": false,
      "rechercheValides": true,
      "formatedLibelleModeTransport": null,
      "idPourRecherche": null,
      "defaultConverter": {}
    },
    {
      "recette": "",
      "cable": "",
      "dateFin": "",
      "refArrondissement": "",
      "travailSamedi": "",
      "refModeTransport": "",
      "dateEffet": "",
      "exigePreapurementDS": "",
      "refVille": "",
      "nomBureauDouane": "MARRAKECH(201)",
      "placeBancable": "",
      "codeBureau": "201",
      "es": "",
      "statut": null,
      "nomVille": "",
      "rechercheAnnules": false,
      "rechercheValides": true,
      "formatedLibelleModeTransport": null,
      "idPourRecherche": null,
      "defaultConverter": {}
    },
    {
      "recette": "",
      "cable": "",
      "dateFin": "",
      "refArrondissement": "",
      "travailSamedi": "",
      "refModeTransport": "",
      "dateEffet": "",
      "exigePreapurementDS": "",
      "refVille": "",
      "nomBureauDouane": "CASA/NOUASSER-FRET(301)",
      "placeBancable": "",
      "codeBureau": "301",
      "es": "",
      "statut": null,
      "nomVille": "",
      "rechercheAnnules": false,
      "rechercheValides": true,
      "formatedLibelleModeTransport": null,
      "idPourRecherche": null,
      "defaultConverter": {}
    }
  ]
}
