{
  "dtoHeader": {
    "userLogin": "YAMAGENT",
    "fonctionnalite": "cf4011",
    "module": "DED_LIB",
    "commande": "ded.recupererListeVersions",
    "typeService": "SP",
    "motif": null,
    "messagesInfo": null,
    "messagesErreur": null
  },
  "jsonVO": [
    {
      "idDec": "162754",
      "numVersion": "0",
      "type": "Courante",
      "statut": "Enregistrée, acceptée",
      "initiateur": "TR1001DEC",
      "dateCreation": "06/06/2017 13:32",
      "dateEnreg": "25/08/2017 12:38",
      "dateSignature": null,
      "dateDepot": null,
      "modeAcquisition": "Interactif",
      "idPourRecherche": "162754"
    },{
      "idDec": "162354",
      "numVersion": "0",
      "type": "Counte",
      "statut": "acceptée",
      "initiateur": "TR1091DEC",
      "dateCreation": "09/06/2017 13:32",
      "dateEnreg": "25/09/2017 12:38",
      "dateSignature": null,
      "dateDepot": null,
      "modeAcquisition": "Interactif",
      "idPourRecherche": "192754"
    }
  ]
}
