{
    "dtoHeader": {
        "userLogin": "YEL",
        "fonctionnalite": "cf90008",
        "module": "DED_LIB",
        "commande": "ded.ConsulterDum",
        "typeService": "UC",
        "messagesInfo": [],
        "offset": 0,
        "pageSize": 0,
        "rowCount": 0
    },
    "jsonVO": {
        "dontHandleLimitationOperateur": false,
        "versionModifiee": true,
        "lancerTraitementCompteDechage": false,
        "insideEtude": false,
        "insideRedressement": false,
        "typeDeclarationParam": "DUM",
        "initiale": false,
        "ssDUM": false,
        "dateDebutComplementaire": "",
        "dateFinComplementaire": "",
        "insideRedressementApresMainLevee": false,
        "demandeModification": false,
        "dedReferenceVO": {
            "dontHandleLimitationOperateur": false,
            "versionModifiee": true,
            "lancerTraitementCompteDechage": false,
            "insideEtude": false,
            "insideRedressement": false,
            "initiale": false,
            "ssDUM": false,
            "insideRedressementApresMainLevee": false,
            "demandeModification": false,
            "cacheKey": "DED_ENG_30908520210000011",
            "codeInitiateur": "AB640747",
            "codeStatus": "005",
            "commentaire": "Hcthj 25/05/2021 20:03:00:000",
            "dateCreation_VC": "19/03/2021 11:36",
            "dateCreation_VI": "19/03/2021 11:36",
            "dateDepot_VI": "19/03/2021 11:39",
            "dateEnregistrement_VC": "19/03/2021 11:36",
            "dateEnregistrement_VI": "19/03/2021 11:36",
            "enregistree": "true",
            "identifiant": "516145",
            "libelleRegime": "TRANSIT A L'IMPORT",
            "libelleSupportDeclaratif": "DUM",
            "modeAquisition": "Interactif",
            "nomInitiateur": "BRIBRI",
            "numeroVersion": "0",
            "numeroVersionCourante": "0",
            "refBureauDedouanement": "309",
            "reference": "30908520210000011",
            "referenceProvisoire": "30908520210000042",
            "refRegime": "085",
            "refTypeSupportDeclaratif": "01",
            "status": "Déposée",
            "statusVersionCourante": "Déposée",
            "transitaire": "false",
            "type": "Courante",
            "idOperateurEngage": "35291",
            "dateValidite": "19/03/2021 11:36",
            "delaisSupplementaireDumProvisoire": 0,
            "posteOrdonnancement": "Casa Port ordonnancement 1",
            "arrondissementMLVAD": "arr",
            "regimePrealable": "false",
            "isenregistree": false,
            "defaultConverter": {},
            "callFromEC": false,
            "revaliderEtude": false,
            "dumFictiveParam": false,
            "transfertOperateurParam": false,
            "banqueConsign": false,
            "createParam": false,
            "banqueSaisie": false,
            "transit": false,
            "regimeExport": false,
            "appelCouplageFromUC1": false,
            "occasionnelle": false,
            "regimeTransitImport": false
        },
        "dedSectionDocAnnexesVO": {
            "dontHandleLimitationOperateur": false,
            "versionModifiee": true,
            "lancerTraitementCompteDechage": false,
            "insideEtude": false,
            "insideRedressement": false,
            "initiale": false,
            "ssDUM": false,
            "insideRedressementApresMainLevee": false,
            "demandeModification": false,
            "dedDocumentAnnexeFormVO": [],
            "listeDocumentExigibleConsult": [],
            "defaultConverter": {},
            "callFromEC": false,
            "revaliderEtude": false,
            "dumFictiveParam": false,
            "transfertOperateurParam": false,
            "banqueConsign": false,
            "createParam": false,
            "banqueSaisie": false,
            "transit": false,
            "regimeExport": false,
            "appelCouplageFromUC1": false,
            "occasionnelle": false,
            "regimeTransitImport": false
        },
        "depuisDsMeadCombine": false,
        "dedDumSectionArticlesVO": {
            "dedDumArticleFormVO": [
                {
                    "dedDumProprieteTIVO": [],
                    "conteste": "false",
                    "aliquider": "null",
                    "redevanceAt": "null",
                    "designationCommerciale": "Désignation Commerciale",
                    "occasion": "false",
                    "issuATPA": "false",
                    "marquesContenants": "Marques",
                    "nombreContenants": "100",
                    "numeroOrdre": "1",
                    "paiement": "false",
                    "paysOrigine": "FR",
                    "poidsNet": "10000.000",
                    "quantite": "10000.000",
                    "refNgp": "9999999999",
                    "typeContenant": "216",
                    "typeContenantLibelle": "COLIS",
                    "unite": "033",
                    "quantiteNormalisee": "1000.000",
                    "valeurDeclaree": "10000.000",
                    "idConvention": "null",
                    "uniteLibelle": "U",
                    "paysOrigineLibelle": "FRANCE",
                    "defaultConverter": {}
                }
            ],
            "defaultConverter": {}
        },
        "dedDumSectionCautionVO": {
            "adresseComplete": "",
            "adresseDonneurOrdre": "",
            "agence": "8211409",
            "agenceCaution": "",
            "banque": "13",
            "banqueCaution": "",
            "centreRc": "",
            "codeDonneurOrdre": "",
            "dateAttributionBanque": "",
            "dateAttributionCaution": "",
            "dateEcheance": "",
            "delai": "",
            "ifu": "",
            "mode": "",
            "montantBanque": "",
            "montantCaution": "",
            "montantConsigantion": "",
            "nom": "",
            "nomDonneurOrdre": "",
            "numDecision": "",
            "numeroConsigantion": "",
            "numeroRc": "",
            "plafond": "",
            "plafondEnCours": "",
            "plafondIllimite": "",
            "referenceCaution": "",
            "statutEcheance": "",
            "statutUtilisation": "",
            "type": "",
            "numero": "",
            "typeCaution": "01",
            "validite": "",
            "demandeDispenseCaution": "false",
            "banqueConsign": "1",
            "validiteCb": "VALIDEE",
            "referenceCBAttribuee": "",
            "statut": "",
            "banqueLibelle": "AWB",
            "agenceLibelle": "HASSAN II",
            "defaultConverter": {}
        },
        "dedDumSectionDemandesVO": {
            "dedDumDemandeFormVO": [],
            "defaultConverter": {}
        },
        "dedDumSectionEnteteVO": {
            "dontHandleLimitationOperateur": false,
            "versionModifiee": true,
            "lancerTraitementCompteDechage": false,
            "insideEtude": false,
            "insideRedressement": false,
            "initiale": false,
            "ssDUM": false,
            "dateDebutComplementaire": "",
            "dateFinComplementaire": "",
            "insideRedressementApresMainLevee": false,
            "demandeModification": false,
            "adresseOperateurDeclarant": "ZONE INDUSTRIELLE CASABLANCA",
            "adresseOperateurExpediteurS": "Adresse complète",
            "anticipee": "false",
            "codeCentreRCDeclarant": "81",
            "codeDeclarant": "35291",
            "codeInitiateur": "AAMM",
            "commentaires": "Hcthj 25/05/2021 20:03:00:000",
            "dateHeureEffectiveEnregistrement": "",
            "dateVoyage": "19/03/2021",
            "enregistree": "true",
            "identifiant": "516145",
            "justNumeroRCDeclarant": "1111444",
            "modeAcquisition": "RS",
            "nomCentreRCDeclarant": "CASABLANCA",
            "nomDeclarant": "OP DECLARANT T12",
            "activiteDeclarant": "Culture de céréales (à l'exception du riz), de légumineuses et\nde graines oléagineuses",
            "activiteOperateurDestinataireR": "Culture de céréales (à l'exception du riz), de légumineuses et\nde graines oléagineuses",
            "nomInitiateur": "AMMARI",
            "nomOperateurDeclarant": "OP DECLARANT T12",
            "nomOperateurExpediteurS": "Nom ou raison sociale",
            "numeroVersion": "0",
            "paysOrigine": "FR",
            "paysProvenanceOuDestination": "FR",
            "poidsNetTotal": "10000.000",
            "refBureauDedouanement": "309",
            "referenceEnregistrement": "30908520210000011",
            "referenceProvisoire": "30908520210000042",
            "refEtatResultat": "005",
            "refModeAcquisition": "04",
            "refRegime": "085",
            "refTypeVersionDeclarationEnDouane": "1",
            "statut": "Déposée",
            "typeVersion": "Courante",
            "valeurTotaleDeclaree": "10000.000",
            "declarationImport": "true",
            "regimeTransbordement": "false",
            "dumSignee": "true",
            "accordDisabled": "false",
            "franchiseDisabled": "false",
            "idOperateurDeclarant": "35291",
            "identifiantOperateurDestinataire": "35291",
            "paysOrigineLibelle": "FRANCE",
            "paysProvenanceOuDestinationLibelle": "FRANCE",
            "listDeclarationFactureVO": [],
            "lieuStockage": "BABYTE",
            "adresseOperateurDestinataireR": "ZONE INDUSTRIELLE CASABLANCA",
            "adresseOperateurDestinataireS": "ZONE INDUSTRIELLE CASABLANCA",
            "bureauDestination": "411",
            "codeCentreRCDestinataire": "81",
            "ifuDestinataire": "4900228",
            "justNumeroCentreRCDestinataire": "1111444",
            "lieuStockageLocalisation": "309293",
            "montantAssurance": "",
            "montantAutresFrais": "",
            "montantFret": "",
            "nomCentreRCDestinataire": "CASABLANCA",
            "nomOperateurDestinataireR": "OP DECLARANT T12",
            "nomOperateurDestinataireS": "",
            "paysDestinationTransbordement": "MA",
            "poidsBrutTotal": "10000.000",
            "moyenTransportRoutier": "",
            "typeDUM": "01",
            "paysDestinationTransbordementLibelle": "MAROC",
            "preIfuDestinataire": "false",
            "bureauDestinationLibelle": "Tanger-Méditerranée(411)",
            "combinee": "false",
            "devise": "EUR",
            "modePaiement": "01",
            "montantTotal": "10000.000",
            "faitPartieEc": "false",
            "reponseBanque": "",
            "tauxChange": "11.00000",
            "typeDocument": "",
            "dateEtablissementTransit": "",
            "arrondissement": "309201",
            "deviseLibelle": "EURO                ",
            "numRCOperateurDeclarant": "1111444",
            "codeCentreRCOperateurDeclarant": "81",
            "identifiantOperateurDeclarant": 35291,
            "declarationValeur": {
                "numeroOrdre": 0,
                "structureDestination": false,
                "traite": false,
                "newVal": false,
                "defaultConverter": {}
            },
            "documentPrecedentDejaInitialise": false,
            "documentPrecedentNonValide": false,
            "declarationsTryptique": [],
            "defaultConverter": {},
            "isnumeroSerieForce": "false",
            "callFromEC": false,
            "revaliderEtude": false,
            "dumFictiveParam": false,
            "transfertOperateurParam": false,
            "banqueConsign": false,
            "createParam": false,
            "banqueSaisie": false,
            "transit": false,
            "regimeExport": false,
            "appelCouplageFromUC1": false,
            "occasionnelle": false,
            "regimeTransitImport": false
        },
        "dedDumSectionImputationsVO": {
            "apurementDechets": "false",
            "ligneImputationMetierFormVO": [
                {
                    "dechetsTaxables": "",
                    "comptabilisee": "true",
                    "statutCtrl": "D",
                    "bloqueeCompteVerrouille": "",
                    "numeroImputation": "1",
                    "tauxDechets": "0.000",
                    "quantiteBruteAImputer": "10000.000",
                    "quantiteNetteAImputer": "10000.000",
                    "valeurBruteAImputer": "10000.000",
                    "ngpRefLCR": "9999999999",
                    "numeroOrdreRefLCR": "1",
                    "numeroOrdreVoyageRefLCR": "",
                    "paysOrigineRefLCR": "FR",
                    "poidsMoyenRefLCR": "10000.000",
                    "quantiteInitialeRefLCR": "10000.000",
                    "quantiteSoldeRefLCR": "0.000",
                    "quantiteDechetsSoldeRefLCR": "0.000",
                    "quantiteTotaleDemandeeEnDechargeRefLCR": "10000.000",
                    "quantiteTotaleDechetsDemandeeEnDechargeRefLCR": "0.000",
                    "referenceRefLCR": "30908520210000011",
                    "spoRefLCR": "1",
                    "uniteRefLCR": "U",
                    "valeurInitialeRefLCR": "10000.000",
                    "valeurDechargeeSousFormeDechetsRefLCR": "0.000",
                    "quantiteDechargeeSousFormeDechetsRefLCR": "0.000",
                    "valeurSoldeRefLCR": "0.000",
                    "valeurDechetsSoldeRefLCR": "0.000",
                    "issuATPARefLCR": "",
                    "defaultConverter": {}
                }
            ],
            "defaultConverter": {}
        },
        "dedDumSectionImpTitresVO": {
            "dedDumImpTitreFormVO": [],
            "defaultConverter": {}
        },
        "dedDumSectionImpTitresPortNetVO": {
            "dedDumImpTitrePortNetFormVO": [],
            "defaultConverter": {}
        },
        "dedDumSectionPreapVO": {
            "dedDumPreapFormVO": [],
            "defaultConverter": {}
        },
        "dedDumSectionProprietesTINecessaireVO": {
            "dedDumProprieteTIVO": [],
            "defaultConverter": {}
        },
        "dedSectionMoyenTransportVO": {
            "listDeclarationMoyenTransportVO": [],
            "defaultConverter": {}
        },
        "listePTIVO": [],
        "defaultConverter": {},
        "eligibleMLD": false,
        "sousDum": false,
        "callFromEC": false,
        "revaliderEtude": false,
        "dumFictiveParam": false,
        "transfertOperateurParam": false,
        "banqueConsign": false,
        "createParam": false,
        "banqueSaisie": false,
        "transit": false,
        "regimeExport": false,
        "appelCouplageFromUC1": false,
        "occasionnelle": false,
        "regimeTransitImport": true
    }
}